om,yr,mo,dy,date,time,tz,st,stf,stn,mag,inj,fat,loss,closs,slat,slon,elat,elon,len,wid,fc
1,1950,1,3,1/3/1950,11:00:00,3,MO,29,1,3,3,0,6,0,38.77,-90.22,38.83,-90.03,9.5,150,0
2,1950,1,3,1/3/1950,11:55:00,3,IL,17,2,3,3,0,5,0,39.1,-89.3,39.12,-89.23,3.6,130,0
3,1950,1,3,1/3/1950,16:00:00,3,OH,39,1,1,1,0,4,0,40.88,-84.58,0,0,0.1,10,0
4,1950,1,13,1/13/1950,5:25:00,3,AR,5,1,3,1,1,3,0,34.4,-94.37,0,0,0.6,17,0
5,1950,1,25,1/25/1950,19:30:00,3,MO,29,2,2,5,0,5,0,37.6,-90.68,37.63,-90.65,2.3,300,0
6,1950,1,25,1/25/1950,21:00:00,3,IL,17,3,2,0,0,5,0,41.17,-87.33,0,0,0.1,100,0
7,1950,1,26,1/26/1950,18:00:00,3,TX,48,1,2,2,0,0,0,26.88,-98.12,26.88,-98.05,4.7,133,0
8,1950,2,11,2/11/1950,13:10:00,3,TX,48,2,2,0,0,4,0,29.42,-95.25,29.52,-95.13,9.9,400,0
9,1950,2,11,2/11/1950,13:50:00,3,TX,48,3,3,12,1,4,0,29.67,-95.05,29.83,-95,12,1000,0
10,1950,2,11,2/11/1950,21:00:00,3,TX,48,4,2,5,0,5,0,32.35,-95.2,32.42,-95.2,4.6,100,0
11,1950,2,11,2/11/1950,23:55:00,3,TX,48,5,2,6,0,5,0,32.98,-94.63,33,-94.7,4.5,67,0
12,1950,2,12,2/12/1950,0:30:00,3,TX,48,6,2,8,1,4,0,33.33,-94.42,33.45,-94.42,8,833,0
13,1950,2,12,2/12/1950,1:15:00,3,TX,48,7,1,0,0,4,0,32.08,-98.35,32.1,-98.33,2.3,233,0
14,1950,2,12,2/12/1950,6:10:00,3,TX,48,8,2,0,0,4,0,31.52,-96.55,31.57,-96.55,3.4,100,0
15,1950,2,12,2/12/1950,11:57:00,3,TX,48,9,1,32,0,5,0,31.8,-94.2,31.88,-94.12,7.7,100,0
16,1950,2,12,2/12/1950,12:00:00,3,MS,28,1,2,2,3,4,0,34.6,-89.12,0,0,0.1,10,0
17,1950,2,12,2/12/1950,12:00:00,3,MS,28,2,1,0,0,0,0,34.6,-89.12,0,0,2,10,0
18,1950,2,12,2/12/1950,12:00:00,3,TX,48,10,3,15,3,5,0,31.8,-94.2,31.8,-94.18,1.9,50,0
19,1950,2,12,2/12/1950,12:30:00,3,AR,5,2,2,0,0,3,0,34.48,-92.4,0,0,0.1,100,0
20,1950,2,12,2/12/1950,13:00:00,3,LA,22,1,4,77,18,5,0,31.97,-94,33,-93.3,82.6,100,0
21,1950,2,12,2/12/1950,13:20:00,3,LA,22,2,2,10,5,5,0,32.2,-93.58,32.97,-93.17,58.4,100,0
22,1950,2,12,2/12/1950,14:00:00,3,LA,22,4,3,25,5,5,0,31.63,-93.65,32.55,-93.03,74.5,100,0
23,1950,2,12,2/12/1950,15:00:00,3,AR,5,3,2,0,0,4,0,33.27,-92.95,33.35,-92.95,5.7,100,0
24,1950,2,12,2/12/1950,23:00:00,3,LA,22,5,1,0,0,4,0,32.6,-91.33,0,0,0.5,33,0
25,1950,2,13,2/13/1950,1:00:00,3,TN,47,1,1,8,0,3,0,35.35,-89.77,0,0,0.2,10,0
26,1950,2,13,2/13/1950,2:00:00,3,TN,47,2,2,1,9,4,0,35.75,-89.48,0,0,0.2,10,0
27,1950,2,27,2/27/1950,10:20:00,3,OK,40,1,2,0,0,4,0,35.55,-97.6,0,0,2,50,0
28,1950,3,1,3/1/1950,2:30:00,3,MS,28,3,1,0,0,0,0,32.5,-88.85,0,0,0.1,10,0
29,1950,3,16,3/16/1950,9:15:00,3,FL,12,1,2,0,0,3,0,29.65,-81.22,0,0,1.5,150,0
30,1950,3,19,3/19/1950,7:30:00,3,LA,22,6,1,2,0,4,0,30.45,-93.45,0,0,2,33,0
31,1950,3,19,3/19/1950,13:15:00,3,LA,22,7,2,0,0,4,0,30.1,-91,0,0,1,50,0
32,1950,3,19,3/19/1950,13:15:00,3,LA,22,8,0,0,0,4,0,29.7,-90.1,29.67,-89.8,18.1,27,0
33,1950,3,26,3/26/1950,19:30:00,3,AR,5,4,2,3,0,4,0,34.12,-93.07,34.32,-92.88,17.4,150,0
34,1950,3,26,3/26/1950,19:31:00,3,AR,5,5,3,1,0,5,0,36.15,-91.83,36.2,-91.75,5.7,200,0
35,1950,3,26,3/26/1950,20:30:00,3,AR,5,6,2,7,0,5,0,34.7,-92.35,34.8,-92.22,10.4,600,0
36,1950,3,26,3/26/1950,21:15:00,3,AR,5,7,3,20,0,5,0,34.98,-91.73,35.08,-91.5,14.9,1760,0
37,1950,3,26,3/26/1950,23:30:00,3,AR,5,8,2,2,0,0,0,35.1,-91.4,35.15,-91.33,5.4,833,0
38,1950,3,27,3/27/1950,3:00:00,3,OK,40,2,2,0,0,3,0,34.85,-95.75,0,0,0.1,77,0
39,1950,3,27,3/27/1950,5:00:00,3,MS,28,6,2,2,1,0,0,33.17,-90.55,0,0,0.1,10,0
40,1950,3,27,3/27/1950,6:00:00,3,LA,22,9,1,2,0,4,0,32.63,-91.28,32.73,-91.05,15.3,17,0
41,1950,3,27,3/27/1950,7:30:00,3,MS,28,7,2,0,0,0,0,33.13,-89.57,33.25,-89.42,11.9,10,0
42,1950,3,27,3/27/1950,7:45:00,3,MS,28,4,2,7,0,5,0,32.28,-90.27,32.98,-89.82,59.3,50,0
43,1950,3,27,3/27/1950,7:45:00,3,MS,28,5,2,6,0,5,0,32.28,-90.27,32.48,-89.78,31.9,50,0
44,1950,3,27,3/27/1950,8:30:00,3,LA,22,10,1,0,0,4,0,30.92,-91.13,0,0,0.5,27,0
45,1950,3,27,3/27/1950,8:45:00,3,MS,28,9,2,0,0,0,0,33.67,-88.78,33.72,-88.73,4.7,10,0
46,1950,3,27,3/27/1950,11:00:00,3,MS,28,8,1,2,0,4,0,34.73,-88.27,0,0,0.1,10,0
47,1950,3,27,3/27/1950,15:00:00,3,TN,47,3,1,0,0,3,0,35.68,-85.77,0,0,0.2,10,0
48,1950,3,27,3/27/1950,16:30:00,3,IL,17,4,2,0,0,3,0,40.57,-88.6,40.6,-88.55,3,50,0
49,1950,4,2,4/2/1950,15:30:00,3,AR,5,9,3,8,1,3,0,35.75,-91.22,0,0,2.5,10,0
50,1950,4,2,4/2/1950,18:00:00,3,OK,40,3,2,0,0,4,0,35.82,-97.02,0,0,1,100,0
51,1950,4,2,4/2/1950,18:00:00,3,AR,5,10,1,0,0,3,0,35.98,-89.92,0,0,0.8,100,0
52,1950,4,3,4/3/1950,16:15:00,3,OK,40,4,1,0,0,3,0,36.13,-95.83,0,0,1,33,0
53,1950,4,18,4/18/1950,1:30:00,3,AL,1,1,3,15,0,4,0,30.67,-88.2,30.85,-88.1,14,100,0
54,1950,4,18,4/18/1950,1:45:00,3,AL,1,2,2,0,0,3,0,30.7,-87.92,0,0,2,150,0
55,1950,4,24,4/24/1950,7:45:00,3,LA,22,11,1,0,0,4,0,30.1,-90.03,0,0,2,100,0
56,1950,4,27,4/27/1950,16:00:00,3,SC,45,1,1,0,0,4,0,33.07,-80,0,0,0.7,37,0
57,1950,4,28,4/28/1950,14:17:00,3,OK,40,5,3,1,1,5,0,34.88,-99.28,35.17,-99.2,20.8,400,0
58,1950,4,28,4/28/1950,17:00:00,3,KS,20,1,1,0,0,4,0,38.12,-95.85,38.35,-95.63,19.8,10,0
59,1950,4,28,4/28/1950,18:00:00,3,TX,48,11,4,5,5,5,0,32.42,-99.5,32.42,-99.48,1.3,233,0
60,1950,4,28,4/28/1950,19:05:00,3,OK,40,6,4,32,5,5,0,35.08,-96.4,35.13,-96.35,4.5,200,0
61,1950,4,28,4/28/1950,19:30:00,3,OK,40,7,2,0,0,4,0,34.55,-96.2,0,0,0.8,100,0
62,1950,4,29,4/29/1950,12:00:00,3,MS,28,10,2,0,0,5,0,31.27,-89.83,31.38,-89.7,11.3,100,0
63,1950,4,29,4/29/1950,15:30:00,3,TX,48,12,1,0,0,4,0,31.9,-98.6,31.73,-98.6,11.5,200,0
64,1950,5,1,5/1/1950,1:00:00,3,LA,22,12,1,0,0,5,0,31.7,-93.3,0,0,2,100,0
65,1950,5,1,5/1/1950,5:00:00,3,MS,28,11,1,0,0,4,0,31.73,-91.07,0,0,0.1,10,0
66,1950,5,1,5/1/1950,9:00:00,3,MS,28,12,1,0,0,4,0,31.55,-91.38,0,0,0.1,10,1
67,1950,5,1,5/1/1950,10:30:00,3,LA,22,13,1,0,0,5,0,31.95,-92.63,32.05,-92.4,15.4,150,0
68,1950,5,1,5/1/1950,11:25:00,3,LA,22,14,2,7,0,5,0,31.55,-92.9,31.57,-92.85,3.6,100,0
69,1950,5,1,5/1/1950,11:30:00,3,LA,22,15,1,2,0,4,0,31.38,-91.73,0,0,1,100,0
70,1950,5,1,5/1/1950,11:30:00,3,LA,22,16,0,0,0,4,0,31.75,-92.25,0,0,1,100,0
71,1950,5,2,5/2/1950,2:00:00,3,LA,22,17,1,1,0,5,0,31.67,-92.9,32,-92.5,32.8,150,0
72,1950,5,2,5/2/1950,3:00:00,3,LA,22,18,2,5,1,5,0,31.55,-91.97,0,0,2,100,0
73,1950,5,4,5/4/1950,20:00:00,3,KS,20,2,1,0,0,4,0,38.68,-99.32,0,0,0.1,10,0
74,1950,5,4,5/4/1950,20:30:00,3,TX,48,13,2,13,1,5,0,36.4,-100.8,36.42,-100.77,1.9,50,0
75,1950,5,4,5/4/1950,21:00:00,3,IA,19,1,1,0,0,1,0,40.95,-95.73,0,0,0.1,10,0
76,1950,5,4,5/4/1950,21:30:00,3,OK,40,8,2,0,0,4,0,35.25,-99.55,35.32,-99.5,5.6,293,0
77,1950,5,4,5/4/1950,21:30:00,3,OK,40,9,1,0,0,3,0,35.58,-99.17,0,0,0.1,10,0
78,1950,5,4,5/4/1950,21:45:00,3,OK,40,10,2,0,0,5,0,36.57,-99.57,0,0,1,100,0
79,1950,5,4,5/4/1950,23:10:00,3,KS,20,3,4,1,0,5,0,38.03,-99.12,38.45,-98.78,34.3,150,0
80,1950,5,5,5/5/1950,3:30:00,3,KS,20,4,3,12,0,5,0,39.62,-95.62,39.85,-95.52,17.3,440,0
81,1950,5,7,5/7/1950,18:30:00,3,OK,40,11,1,0,0,0,0,36.3,-99.8,0,0,0.1,10,0
82,1950,5,7,5/7/1950,23:00:00,3,OK,40,12,2,3,0,4,0,36.12,-97.83,36.17,-97.78,4.3,10,0
83,1950,5,7,5/7/1950,23:00:00,3,OK,40,13,1,0,0,3,0,36,-97,0,0,0.1,10,0
84,1950,5,8,5/8/1950,4:30:00,3,SD,46,1,1,0,0,3,0,43.38,-97.97,0,0,1,10,0
85,1950,5,8,5/8/1950,13:00:00,3,FL,12,2,1,0,0,3,0,29.13,-81.35,0,0,0.3,30,0
86,1950,5,8,5/8/1950,18:30:00,3,KS,20,5,2,0,0,5,0,39.35,-98.48,39.47,-98.3,12.6,660,0
87,1950,5,8,5/8/1950,19:00:00,3,KS,20,6,2,1,0,4,0,39.57,-98.3,39.63,-98.2,6.8,10,0
88,1950,5,8,5/8/1950,19:20:00,3,IA,19,2,2,0,0,0,0,41.03,-95.27,41.02,-95.22,0.1,200,0
89,1950,5,8,5/8/1950,19:30:00,3,KS,20,7,2,2,0,4,0,39.23,-98.95,39.23,-98.58,19.6,440,0
90,1950,5,8,5/8/1950,21:17:00,3,KS,20,8,1,1,0,4,0,39.4,-97.65,0,0,0.1,10,0
91,1950,5,8,5/8/1950,21:30:00,3,KS,20,9,1,0,0,0,0,39.72,-97.77,0,0,0.1,10,0
92,1950,5,8,5/8/1950,22:10:00,3,NE,31,1,2,1,0,4,0,40.38,-95.8,40.28,-95.68,8.8,467,0
93,1950,5,9,5/9/1950,0:01:00,3,KS,20,10,1,0,0,4,0,39.2,-96.58,0,0,0.1,10,1
94,1950,5,9,5/9/1950,20:20:00,3,OK,40,14,1,0,0,4,0,34.77,-96.83,0,0,0.8,200,0
95,1950,5,10,5/10/1950,13:00:00,3,WY,56,1,2,0,0,1,0,41.18,-110.42,0,0,2,33,0
96,1950,5,11,5/11/1950,18:30:00,3,OK,40,15,1,0,0,2,0,36.82,-100.52,0,0,0.5,77,0
97,1950,5,12,5/12/1950,14:00:00,3,NC,37,1,1,0,0,4,0,35.75,-77.42,0,0,2,10,0
98,1950,5,12,5/12/1950,17:00:00,3,NC,37,2,1,0,0,0,0,35.73,-78.4,0,0,1,200,0
99,1950,5,12,5/12/1950,17:00:00,3,NC,37,3,0,0,0,0,0,35.73,-78.4,0,0,1,200,0
100,1950,5,13,5/13/1950,11:30:00,3,LA,22,19,1,0,0,4,0,31.15,-91.95,0,0,2,27,0
101,1950,5,14,5/14/1950,16:00:00,3,TX,48,14,1,0,0,3,0,29.53,-95.45,0,0,1,100,0
102,1950,5,14,5/14/1950,17:00:00,3,NC,37,4,1,0,0,3,0,35.3,-79.8,35.33,-79.75,3.8,50,0
103,1950,5,14,5/14/1950,17:30:00,3,NC,37,5,2,5,0,0,0,35,-80.68,0,0,2,10,0
104,1950,5,15,5/15/1950,0:01:00,3,TX,48,15,2,0,0,4,0,29.78,-98.83,29.67,-98.57,18,10,0
105,1950,5,15,5/15/1950,11:00:00,3,FL,12,3,1,0,0,4,0,28.58,-81.37,0,0,0.1,10,0
106,1950,5,15,5/15/1950,11:00:00,3,FL,12,4,2,0,0,4,0,28.5,-81.37,0,0,0.1,10,0
107,1950,5,16,5/16/1950,18:00:00,3,KS,20,11,2,0,0,3,0,37.55,-98.42,0,0,0.2,200,0
108,1950,5,16,5/16/1950,19:30:00,3,OK,40,16,1,1,0,3,0,35.82,-99.12,35.87,-99,7.3,100,0
109,1950,5,18,5/18/1950,15:15:00,3,NE,31,2,1,0,0,4,0,40.22,-100.63,0,0,0.7,333,0
110,1950,5,18,5/18/1950,19:00:00,3,KS,20,12,3,2,0,5,0,38.12,-96.82,38.33,-96.82,14.9,100,0
111,1950,5,18,5/18/1950,19:00:00,3,KS,20,13,0,0,0,3,0,39.85,-98.3,0,0,0.1,10,0
112,1950,5,19,5/19/1950,1:30:00,3,KS,20,14,0,0,0,3,0,37.82,-96.85,0,0,0.1,10,0
113,1950,5,22,5/22/1950,12:39:00,3,OK,40,17,1,0,0,0,0,35.67,-99.23,0,0,1.5,100,0
114,1950,5,23,5/23/1950,18:00:00,3,KS,20,15,0,0,0,4,0,39.75,-99.32,0,0,0.2,250,0
115,1950,5,24,5/24/1950,13:30:00,3,KS,20,16,2,1,0,3,0,37.27,-99.48,37.28,-99.42,3.6,77,0
116,1950,5,24,5/24/1950,17:30:00,3,KS,20,17,1,0,0,4,0,39.38,-96.97,39.45,-96.78,10.7,40,0
117,1950,5,24,5/24/1950,21:30:00,3,OK,40,18,2,2,0,4,0,36.45,-99.03,0,0,1,33,0
118,1950,5,25,5/25/1950,16:30:00,3,TX,48,16,1,0,0,3,0,32.67,-101.88,32.65,-101.85,3,880,0
119,1950,5,29,5/29/1950,14:48:00,3,OK,40,19,1,0,0,2,0,36.38,-95.27,0,0,1,33,0
120,1950,5,29,5/29/1950,17:00:00,3,TX,48,17,1,0,0,0,0,33.35,-96.92,33.3,-96.92,3.4,267,0
121,1950,5,29,5/29/1950,23:00:00,3,LA,22,20,1,13,0,4,0,32.1,-93.9,0,0,1,27,0
122,1950,5,29,5/29/1950,23:00:00,3,LA,22,21,1,0,0,4,0,31.67,-93.7,0,0,1,27,0
123,1950,5,30,5/30/1950,14:00:00,3,GA,13,1,1,0,0,3,0,34.75,-84.92,0,0,0.5,10,0
124,1950,5,31,5/31/1950,15:30:00,3,NC,37,6,1,0,0,3,0,35.42,-77.25,0,0,0.1,10,0
125,1950,6,3,6/3/1950,1:00:00,3,MS,28,13,3,1,2,0,0,33.08,-89.58,0,0,2,50,0
126,1950,6,4,6/4/1950,6:00:00,3,GA,13,2,0,0,0,3,0,33.68,-84.93,0,0,2,200,0
127,1950,6,4,6/4/1950,8:00:00,3,GA,13,3,1,1,0,4,0,33.85,-84.25,33.85,-84.2,3.3,10,0
128,1950,6,5,6/5/1950,15:55:00,3,TX,48,18,3,6,0,5,0,30.18,-96.4,30.02,-96.05,23.9,67,0
129,1950,6,5,6/5/1950,16:00:00,3,TX,48,19,1,2,0,6,0,29.9,-96.4,29.72,-96.07,23.7,10,0
130,1950,6,7,6/7/1950,15:30:00,3,WY,56,2,1,0,0,1,0,43.08,-104.5,0,0,0.2,10,0
131,1950,6,7,6/7/1950,17:30:00,3,GA,13,4,1,0,0,3,0,33.03,-84.15,0,0,2,300,0
132,1950,6,8,6/8/1950,20:10:00,3,KS,20,18,4,5,1,5,0,38.33,-97.93,38.33,-97.6,17.1,700,0
133,1950,6,9,6/9/1950,13:00:00,3,MO,29,3,1,0,0,3,0,38,-92.22,38.02,-92.17,2.7,220,0
134,1950,6,9,6/9/1950,18:25:00,3,OK,40,20,1,0,0,3,0,36.8,-97.25,0,0,0.1,100,0
135,1950,6,13,6/13/1950,3:00:00,3,IL,17,5,1,0,0,4,0,41.95,-89.77,0,0,0.1,10,0
136,1950,6,13,6/13/1950,11:05:00,3,ND,38,1,3,0,0,5,0,46.8,-97.92,0,0,2,10,0
137,1950,6,13,6/13/1950,17:30:00,3,NE,31,3,2,101,0,4,0,42.6,-97.88,42.65,-97.82,4.1,10,0
138,1950,6,14,6/14/1950,16:00:00,3,WY,56,3,1,0,0,1,0,44.13,-104.18,0,0,0.2,10,0
139,1950,6,14,6/14/1950,17:00:00,3,ND,38,2,3,0,0,4,0,48.92,-103.77,48.78,-103.28,23.7,10,0
140,1950,6,15,6/15/1950,1:00:00,3,MO,29,4,1,0,0,3,0,39.7,-92.07,0,0,0.2,100,0
141,1950,6,15,6/15/1950,16:42:00,3,MN,27,1,2,4,0,3,0,46.58,-96.33,46.52,-96.33,4.6,67,0
142,1950,6,15,6/15/1950,20:00:00,3,IA,19,3,3,5,0,0,0,41.98,-93.6,41.97,-93.48,5.6,300,0
143,1950,6,16,6/16/1950,15:30:00,3,KS,20,19,1,0,0,4,0,38.28,-101.28,38.7,-101.13,29.9,10,0
144,1950,6,19,6/19/1950,20:40:00,3,TX,48,20,0,0,0,0,0,36.08,-102.53,36.08,-102.25,15.8,167,0
145,1950,6,22,6/22/1950,21:00:00,3,NE,31,4,0,0,0,0,0,40.18,-98.03,40.2,-97.98,1.9,10,0
146,1950,6,25,6/25/1950,18:45:00,3,KS,20,20,0,0,0,3,0,37.77,-97.47,0,0,0.1,10,0
147,1950,6,25,6/25/1950,19:20:00,3,WI,55,2,1,0,0,4,0,45.42,-91,0,0,0.5,10,1
148,1950,6,25,6/25/1950,20:30:00,3,WI,55,3,2,0,0,5,0,45.57,-90.3,45.57,-90.12,8.4,10,0
149,1950,6,25,6/25/1950,21:00:00,3,WI,55,1,2,0,1,4,0,44.83,-90.35,44.97,-90.28,7.8,17,0
150,1950,6,25,6/25/1950,21:00:00,3,WI,55,4,4,12,2,5,0,45.58,-89.58,45.67,-89.33,13.1,880,0
151,1950,6,25,6/25/1950,21:00:00,3,KS,20,21,0,0,0,3,0,39.5,-99.62,0,0,0.1,10,0
152,1950,6,25,6/25/1950,23:30:00,3,WI,55,5,3,0,0,5,0,43.95,-88.95,43.97,-88.93,0.1,300,0
153,1950,7,1,7/1/1950,12:00:00,3,KS,20,22,2,0,0,4,0,38.7,-97.08,0,0,0.1,10,0
154,1950,7,1,7/1/1950,12:00:00,3,KS,20,23,1,1,0,4,0,39.3,-96.92,0,0,0.1,10,0
155,1950,7,1,7/1/1950,20:00:00,3,IA,19,4,2,0,0,0,0,42.45,-91.92,0,0,14,10,0
156,1950,7,2,7/2/1950,19:00:00,3,KS,20,24,2,0,0,6,0,38.47,-100.88,0,0,1,90,0
157,1950,7,3,7/3/1950,18:20:00,3,IN,18,1,0,0,0,0,0,41.65,-86.3,0,0,0.1,10,1
158,1950,7,5,7/5/1950,18:00:00,3,PA,42,2,2,2,0,4,0,40.58,-75.7,40.65,-75.47,12.9,10,0
159,1950,7,5,7/5/1950,18:30:00,3,PA,42,1,2,0,0,3,0,40.6,-76.75,0,0,0.1,13,0
160,1950,7,8,7/8/1950,22:45:00,3,KS,20,25,1,0,0,4,0,39.82,-96.8,0,0,1,90,0
161,1950,7,11,7/11/1950,17:00:00,3,NM,35,1,1,0,0,2,0,35.28,-103.52,35.33,-103.48,3.8,500,0
162,1950,7,12,7/12/1950,16:00:00,3,CT,9,1,2,0,0,3,0,41.57,-72.57,0,0,10,10,0
163,1950,7,14,7/14/1950,6:30:00,3,CT,9,2,2,3,0,5,0,41.27,-73.5,0,0,5,100,0
164,1950,7,15,7/15/1950,17:30:00,3,NE,31,5,4,33,0,6,0,41.8,-96.6,41.73,-96.42,10,440,0
165,1950,7,16,7/16/1950,22:15:00,3,IL,17,6,1,0,0,4,0,41.08,-88.43,0,0,1,33,0
166,1950,7,18,7/18/1950,16:30:00,3,KS,20,26,1,0,0,0,0,37.68,-95.52,0,0,0.1,10,0
167,1950,7,19,7/19/1950,14:30:00,3,IN,18,2,1,0,0,4,0,40.22,-87.15,40.18,-87.07,4.3,200,0
168,1950,7,19,7/19/1950,15:15:00,3,OH,39,2,2,0,0,0,0,40.8,-84.62,40.82,-84.58,0.1,200,0
169,1950,7,19,7/19/1950,15:15:00,3,OH,39,3,3,30,0,6,0,40.72,-84.08,40.83,-83.97,9.7,300,0
170,1950,7,19,7/19/1950,16:00:00,3,MO,29,5,1,0,0,2,0,38.42,-92.77,0,0,1.5,440,0
171,1950,7,19,7/19/1950,17:45:00,3,IN,18,3,2,0,0,0,0,41.07,-85.08,41.08,-85.08,1.1,100,0
172,1950,7,22,7/22/1950,15:07:00,3,CO,8,1,0,0,0,0,0,40.52,-104.57,0,0,0.1,10,1
173,1950,7,24,7/24/1950,14:40:00,3,PA,42,3,0,0,0,3,0,41.63,-79.68,0,0,0.1,10,0
174,1950,7,26,7/26/1950,15:30:00,3,NC,37,7,1,0,0,0,0,35.53,-77.4,0,0,0.1,10,0
175,1950,7,27,7/27/1950,16:20:00,3,NC,37,8,1,0,0,3,0,35.4,-80.57,0,0,0.1,10,0
176,1950,8,2,8/2/1950,12:30:00,3,NM,35,2,1,0,0,4,0,34.12,-107.23,34.02,-107.3,7.9,100,0
177,1950,8,5,8/5/1950,17:30:00,3,CO,8,2,2,1,0,4,0,40.73,-102.55,40.68,-102.47,0.1,10,0
178,1950,8,6,8/6/1950,15:00:00,3,KS,20,27,1,0,0,4,0,39.93,-101,0,0,0.1,10,0
179,1950,8,6,8/6/1950,18:00:00,3,KS,20,28,2,0,0,3,0,37.97,-100.77,0,0,0.1,10,0
180,1950,8,6,8/6/1950,18:30:00,3,KS,20,29,2,0,0,5,0,39.13,-100.63,39.12,-100.47,8.7,10,0
181,1950,8,8,8/8/1950,1:00:00,3,MO,29,6,1,0,0,2,0,37.13,-93.38,0,0,2,10,0
182,1950,8,9,8/9/1950,16:55:00,3,WV,54,1,1,0,0,0,0,39.28,-81.38,0,0,5,10,0
183,1950,8,11,8/11/1950,17:00:00,3,MD,24,1,1,0,0,3,0,39.33,-75.87,0,0,6,10,0
184,1950,8,24,8/24/1950,3:45:00,3,AR,5,11,2,7,0,4,0,34.4,-91.43,34.43,-91.38,3.6,200,0
185,1950,8,28,8/28/1950,14:50:00,3,KS,20,30,1,0,0,0,0,37.47,-100.82,37.42,-100.7,7.2,10,0
186,1950,8,29,8/29/1950,16:00:00,3,PA,42,4,1,0,0,3,0,40.22,-75,0,0,1,10,0
187,1950,8,30,8/30/1950,16:00:00,3,FL,12,5,1,0,0,4,0,29.73,-84.98,0,0,0.5,50,0
188,1950,8,31,8/31/1950,0:02:00,3,FL,12,6,0,0,0,3,0,30.8,-85.2,0,0,0.1,10,1
189,1950,9,15,9/15/1950,17:45:00,3,OK,40,21,2,6,0,5,0,35,-96.25,35.07,-96.17,6.8,100,0
190,1950,9,16,9/16/1950,1:30:00,3,OK,40,22,0,0,0,2,0,34.83,-95.85,0,0,0.1,10,0
191,1950,9,21,9/21/1950,17:30:00,3,NE,31,6,1,0,0,3,0,40.72,-96.82,40.72,-96.38,22.5,67,0
192,1950,10,1,10/1/1950,21:00:00,3,OK,40,23,1,0,0,4,0,36.73,-102.52,36.88,-102.3,15.8,10,0
193,1950,10,9,10/9/1950,2:15:00,3,NC,37,9,3,3,0,5,0,34.17,-78.6,0,0,2,880,0
194,1950,11,4,11/4/1950,17:00:00,3,PA,42,5,3,1,0,5,0,40.2,-76.12,40.4,-75.93,15.9,100,0
195,1950,11,20,11/20/1950,2:20:00,3,KY,21,1,2,0,0,5,0,37.37,-87.2,0,0,0.1,10,0
196,1950,11,20,11/20/1950,4:00:00,3,KY,21,2,1,0,0,5,0,38.2,-84.5,0,0,0.1,10,0
197,1950,11,20,11/20/1950,7:30:00,3,MS,28,14,1,3,0,4,0,32.42,-89.13,0,0,2,37,0
198,1950,12,2,12/2/1950,15:00:00,3,IL,17,7,2,3,1,4,0,38.97,-90.05,39.07,-89.72,18.8,50,0
199,1950,12,2,12/2/1950,16:00:00,3,IL,17,8,3,25,2,6,0,38.75,-89.67,38.9,-89.38,18,200,0
200,1950,12,2,12/2/1950,16:25:00,3,AR,5,12,3,0,0,1,0,36.12,-91.83,36.18,-91.72,7.8,10,0
201,1950,12,2,12/2/1950,17:30:00,3,IL,17,9,1,0,0,4,0,38.17,-89.78,38.22,-89.62,9.6,50,0
1,1951,1,6,1/6/1951,17:30:00,3,LA,22,1,3,11,0,5,0,31.3,-92.47,31.53,-92.4,16.8,317,0
2,1951,1,11,1/11/1951,10:25:00,3,CA,6,1,2,0,0,6,0,37.37,-122.12,37.42,-122.03,5.7,10,0
3,1951,2,1,2/1/1951,13:00:00,3,VA,51,1,1,0,0,3,0,37.37,-78.78,0,0,0.1,50,0
4,1951,2,6,2/6/1951,15:50:00,3,LA,22,2,1,0,0,4,0,30.5,-92,0,0,0.5,33,0
5,1951,2,6,2/6/1951,17:00:00,3,LA,22,3,1,0,0,4,0,30.48,-90.42,30.53,-90.37,4.9,33,0
6,1951,2,19,2/19/1951,18:30:00,3,OK,40,1,2,5,0,4,0,35.27,-98.18,35.83,-97.83,43.9,20,0
7,1951,2,19,2/19/1951,22:00:00,3,OK,40,2,0,0,0,2,0,35.15,-97.45,0,0,0.1,100,0
8,1951,2,20,2/20/1951,9:15:00,3,AR,5,1,2,3,0,4,0,34.6,-92.02,35.55,-90.4,112.8,333,0
9,1951,2,20,2/20/1951,15:00:00,3,MS,28,1,3,1,1,3,0,33.45,-88.87,0,0,0.1,10,0
10,1951,2,20,2/20/1951,15:00:00,3,MS,28,2,1,0,0,3,0,33.47,-88.48,0,0,0.1,10,0
11,1951,2,20,2/20/1951,16:00:00,3,AL,1,1,2,2,0,4,0,33.67,-87.7,0,0,0.1,123,0
12,1951,2,20,2/20/1951,18:00:00,3,KY,21,1,2,0,0,4,0,38.27,-85.05,0,0,0.1,73,0
13,1951,3,2,3/2/1951,16:00:00,3,KS,20,1,3,0,0,4,0,39.43,-98.55,39.6,-97.87,38.1,10,1
14,1951,3,2,3/2/1951,20:30:00,3,KS,20,2,0,0,0,2,0,39.83,-95.72,0,0,0.1,10,1
15,1951,3,12,3/12/1951,17:00:00,3,FL,12,1,2,0,0,4,0,27.1,-82.48,0,0,2,77,0
16,1951,3,28,3/28/1951,5:10:00,3,TX,48,1,1,0,0,3,0,31.37,-95.6,0,0,0.5,17,0
17,1951,3,29,3/29/1951,18:30:00,3,IN,18,1,2,2,0,5,0,39.78,-85.77,39.82,-85.72,3,400,0
18,1951,3,30,3/30/1951,15:00:00,3,PA,42,1,1,0,0,3,0,39.83,-77.23,0,0,0.1,20,0
19,1951,4,5,4/5/1951,13:20:00,3,OK,40,3,2,0,0,4,0,35.32,-97.55,35.37,-97.47,5.7,127,0
20,1951,4,5,4/5/1951,13:22:00,3,OK,40,4,2,2,0,5,0,35.23,-97.72,0,0,0.2,100,0
21,1951,4,5,4/5/1951,16:45:00,3,OK,40,5,2,2,0,3,0,36.53,-98.92,36.57,-98.87,3.6,33,0
22,1951,4,20,4/20/1951,15:10:00,3,TX,48,2,2,0,0,4,0,33.92,-98.45,0,0,1.5,17,0
23,1951,4,20,4/20/1951,15:30:00,3,KS,20,3,0,0,0,0,0,37.12,-101.77,0,0,0.1,10,0
24,1951,4,21,4/21/1951,12:00:00,3,MS,28,4,1,0,0,4,0,32.07,-89.52,0,0,0.1,10,0
25,1951,4,21,4/21/1951,14:00:00,3,LA,22,4,0,2,0,4,0,31.72,-92.25,0,0,1,33,0
26,1951,4,21,4/21/1951,14:00:00,3,LA,22,5,0,1,0,4,0,32.33,-92.32,0,0,1,33,0
27,1951,4,21,4/21/1951,19:25:00,3,MS,28,3,3,16,2,4,0,31.68,-89.25,32.15,-89.12,33.5,10,0
28,1951,4,24,4/24/1951,17:30:00,3,OK,40,6,0,0,0,0,0,35.78,-99,0,0,0.1,10,0
29,1951,4,24,4/24/1951,18:03:00,3,OK,40,7,1,0,0,3,0,34.63,-99.6,0,0,2.5,10,0
30,1951,4,24,4/24/1951,21:00:00,3,OK,40,8,1,0,0,3,0,36.75,-97.4,0,0,0.1,10,0
31,1951,4,26,4/26/1951,18:10:00,3,KS,20,4,0,0,0,3,0,37.47,-101.52,37.73,-101.1,29.2,10,0
32,1951,4,26,4/26/1951,18:15:00,3,KS,20,5,1,0,0,3,0,37.17,-101.62,0,0,0.1,10,0
33,1951,4,26,4/26/1951,19:15:00,3,KS,20,6,0,0,0,0,0,37.07,-100.93,0,0,1,10,0
34,1951,4,26,4/26/1951,19:15:00,3,OK,40,9,1,0,0,2,0,36.82,-100.53,0,0,0.1,10,0
35,1951,4,26,4/26/1951,19:30:00,3,KS,20,7,1,0,0,3,0,37.08,-101.77,0,0,0.1,10,0
36,1951,4,27,4/27/1951,14:20:00,3,OK,40,10,1,2,0,3,0,36.33,-98.2,0,0,0.8,200,0
37,1951,4,28,4/28/1951,20:55:00,3,OH,39,1,2,5,0,6,0,41,-83.67,41.1,-83.4,15.2,10,0
38,1951,4,29,4/29/1951,18:15:00,3,NJ,34,1,1,2,0,4,0,40.9,-74.6,0,0,0.5,400,0
39,1951,4,30,4/30/1951,5:30:00,3,KS,20,8,3,0,0,5,0,37.63,-98.75,37.77,-98.58,12.8,440,0
40,1951,4,30,4/30/1951,9:00:00,3,NE,31,1,1,0,0,3,0,41.08,-98,0,0,0.3,50,0
41,1951,4,30,4/30/1951,20:30:00,3,OK,40,11,1,0,0,3,0,34.62,-98.08,0,0,0.1,10,0
42,1951,4,30,4/30/1951,21:30:00,3,OK,40,12,3,0,0,5,0,35.43,-97.58,35.5,-97.48,7.4,200,0
43,1951,4,30,4/30/1951,21:30:00,3,OK,40,13,2,0,0,4,0,35.5,-97.58,0,0,1.5,200,0
44,1951,4,30,4/30/1951,23:45:00,3,KS,20,9,0,0,0,3,0,37.1,-96.5,0,0,0.1,10,1
45,1951,5,2,5/2/1951,19:30:00,3,KS,20,10,1,0,0,2,0,39.03,-95.8,0,0,0.1,10,0
46,1951,5,2,5/2/1951,20:30:00,3,KS,20,11,1,0,0,2,0,39.4,-95.4,0,0,0.1,10,0
47,1951,5,3,5/3/1951,13:35:00,3,MI,26,1,2,0,0,5,0,42.7,-84.05,42.73,-84,2.3,150,0
48,1951,5,8,5/8/1951,18:00:00,3,KS,20,12,1,0,0,2,0,38.38,-101.55,0,0,0.1,10,0
49,1951,5,9,5/9/1951,7:00:00,3,KS,20,13,1,0,0,2,0,39.3,-95.5,39.33,-95.47,2.3,10,0
50,1951,5,9,5/9/1951,17:00:00,3,TX,48,3,2,0,0,4,0,33.93,-98.68,33.93,-98.77,4.9,33,0
51,1951,5,9,5/9/1951,18:30:00,3,OK,40,14,1,0,0,3,0,34.45,-98.32,0,0,0.1,10,0
52,1951,5,9,5/9/1951,20:20:00,3,OK,40,15,2,1,0,4,0,34,-96.6,34.18,-96.47,14.8,100,0
53,1951,5,9,5/9/1951,21:00:00,3,KS,20,14,0,0,0,0,0,38.78,-95.55,0,0,0.1,10,0
54,1951,5,11,5/11/1951,13:30:00,3,PA,42,2,2,1,0,4,0,40.12,-79.12,40.05,-78.98,8,10,0
55,1951,5,11,5/11/1951,15:00:00,3,VA,51,2,1,0,0,4,0,37.55,-76.73,0,0,0.1,10,0
56,1951,5,13,5/13/1951,19:00:00,3,NE,31,2,0,0,0,3,0,41.58,-99.93,0,0,0.1,10,0
57,1951,5,13,5/13/1951,22:00:00,3,KS,20,15,1,0,0,3,0,39.08,-99.5,0,0,0.1,10,0
58,1951,5,14,5/14/1951,17:30:00,3,KS,20,16,2,0,0,0,0,39.37,-101.37,0,0,0.1,10,0
59,1951,5,14,5/14/1951,18:00:00,3,OK,40,16,2,0,0,3,0,36.9,-101.9,0,0,0.1,10,0
60,1951,5,14,5/14/1951,18:00:00,3,OK,40,17,2,0,0,0,0,36.87,-101.9,0,0,0.1,10,0
61,1951,5,14,5/14/1951,18:30:00,3,KS,20,17,2,0,0,0,0,37,-101.9,0,0,0.1,10,0
62,1951,5,14,5/14/1951,19:30:00,3,KS,20,18,3,4,0,3,0,39.78,-101.33,0,0,0.1,10,0
63,1951,5,15,5/15/1951,18:30:00,3,TX,48,4,1,0,0,2,0,34.5,-102.3,0,0,0.1,10,0
64,1951,5,16,5/16/1951,10:00:00,3,OK,40,18,0,0,0,0,0,35.2,-99.87,0,0,0.1,10,0
65,1951,5,17,5/17/1951,18:35:00,3,CO,8,1,0,0,0,1,0,39.33,-104.62,0,0,0.1,10,1
66,1951,5,18,5/18/1951,15:45:00,3,TX,48,5,4,100,2,6,0,33.42,-98.75,0,0,2,200,0
67,1951,5,18,5/18/1951,17:30:00,3,OK,40,19,1,0,0,3,0,34.78,-98.28,0,0,0.1,10,0
68,1951,5,18,5/18/1951,17:30:00,3,OK,40,20,1,0,0,3,0,34.78,-98.27,0,0,0.1,10,0
69,1951,5,18,5/18/1951,17:30:00,3,OK,40,21,1,0,0,3,0,34.78,-98.23,0,0,0.1,10,0
70,1951,5,19,5/19/1951,19:15:00,3,OK,40,22,1,0,0,3,0,35.33,-99.87,0,0,0.1,10,0
71,1951,5,19,5/19/1951,19:30:00,3,OK,40,23,2,0,0,3,0,36,-98.95,0,0,2,67,0
72,1951,5,19,5/19/1951,20:12:00,3,OK,40,24,0,0,0,0,0,35.43,-99.63,0,0,0.1,220,0
73,1951,5,20,5/20/1951,14:00:00,3,CO,8,2,0,0,0,1,0,40.98,-102.27,0,0,0.1,10,0
74,1951,5,20,5/20/1951,15:00:00,3,CO,8,3,1,0,0,2,0,40.98,-102.27,41.05,-102.08,10.3,10,0
75,1951,5,20,5/20/1951,15:00:00,3,CO,8,4,0,0,0,2,0,40.98,-102.27,41.02,-102.15,6.1,10,0
76,1951,5,20,5/20/1951,19:00:00,3,KS,20,19,3,0,0,5,0,37.9,-101.2,38.02,-101.02,12.8,900,0
77,1951,5,20,5/20/1951,19:00:00,3,KS,20,20,2,0,0,4,0,37.97,-101.25,0,0,1,10,0
78,1951,5,20,5/20/1951,19:00:00,3,KS,20,21,3,0,0,2,0,39.78,-101.38,0,0,0.1,10,0
79,1951,5,21,5/21/1951,1:00:00,3,KS,20,22,2,0,0,2,0,39.03,-96.97,0,0,0.1,10,0
80,1951,5,21,5/21/1951,19:00:00,3,KS,20,23,1,0,0,3,0,37.53,-101.75,0,0,0.1,10,0
81,1951,5,23,5/23/1951,4:23:00,3,GA,13,2,1,0,0,4,0,31.83,-81.5,0,0,0.3,300,0
82,1951,5,23,5/23/1951,15:30:00,3,GA,13,1,2,0,0,4,0,31.3,-83.83,31.27,-83.68,9.2,50,0
83,1951,5,24,5/24/1951,17:00:00,3,TX,48,6,1,0,1,3,0,33.37,-99.9,0,0,0.5,20,0
84,1951,5,25,5/25/1951,14:30:00,3,KS,20,24,1,0,0,3,0,39.45,-97.5,0,0,0.1,10,0
85,1951,5,25,5/25/1951,16:00:00,3,KS,20,25,3,0,1,5,0,39.27,-97.18,39.32,-97.13,4.1,440,0
86,1951,5,25,5/25/1951,18:00:00,3,KS,20,26,2,0,0,3,0,39.93,-97.43,0,0,0.1,10,0
87,1951,5,25,5/25/1951,21:00:00,3,MO,29,1,1,0,0,3,0,40.4,-95.17,0,0,0.2,10,0
88,1951,5,26,5/26/1951,9:30:00,3,FL,12,2,1,0,3,5,0,29.85,-84.68,0,0,0.1,10,0
89,1951,5,26,5/26/1951,12:30:00,3,FL,12,3,1,0,0,4,0,30.18,-82.63,0,0,0.1,10,1
90,1951,5,30,5/30/1951,14:34:00,3,NE,31,3,2,7,0,0,0,41.9,-103.5,41.73,-103.18,19.7,10,0
91,1951,5,30,5/30/1951,18:20:00,3,NE,31,4,1,0,0,0,0,40.47,-101.55,0,0,2,33,0
92,1951,5,30,5/30/1951,20:00:00,3,KS,20,27,1,0,0,4,0,38.83,-99.27,38.87,-99.32,3,10,0
94,1951,5,30,5/30/1951,22:50:00,3,KS,20,29,1,0,0,3,0,39.13,-97.05,39.22,-96.93,8.3,10,0
95,1951,5,30,5/30/1951,22:50:00,3,KS,20,30,0,0,0,3,0,39.28,-97.02,0,0,0.1,10,0
97,1951,5,30,5/30/1951,22:50:00,3,KS,20,32,1,0,0,3,0,39.35,-96.45,39.4,-96.32,7.7,10,0
99,1951,5,30,5/30/1951,22:50:00,3,KS,20,34,0,0,0,3,0,39.47,-95.73,0,0,0.1,10,1
98,1951,5,30,5/30/1951,22:50:00,3,KS,20,33,0,0,0,3,0,39.4,-96.03,0,0,0.1,10,1
96,1951,5,30,5/30/1951,22:50:00,3,KS,20,31,0,0,0,3,0,39.25,-96.58,0,0,0.1,10,1
93,1951,5,30,5/30/1951,22:50:00,3,KS,20,28,0,0,0,3,0,39.4,-97.18,0,0,0.1,10,1
100,1951,5,31,5/31/1951,16:00:00,3,TX,48,7,1,0,0,4,0,35.77,-101.38,0,0,0.5,17,0
101,1951,5,31,5/31/1951,23:45:00,3,KS,20,35,2,0,0,3,0,39.37,-95.4,39.4,-95.35,3,440,0
102,1951,6,1,6/1/1951,18:00:00,3,MI,26,2,1,1,0,3,0,42.75,-84.75,0,0,0.5,10,0
103,1951,6,1,6/1/1951,20:00:00,3,KS,20,36,1,0,0,3,0,39.73,-97.98,39.78,-97.78,11,10,0
104,1951,6,1,6/1/1951,21:15:00,3,IA,19,1,3,7,0,0,0,42.07,-92.92,0,0,1.5,880,0
105,1951,6,5,6/5/1951,15:30:00,3,NM,35,1,0,0,0,5,0,33.1,-104.8,0,0,2,10,0
106,1951,6,5,6/5/1951,18:00:00,3,OK,40,25,2,0,0,3,0,36.53,-101.8,0,0,0.1,10,0
107,1951,6,6,6/6/1951,13:30:00,3,CO,8,5,2,1,0,4,0,38.73,-103.58,38.77,-103.5,4.7,217,0
108,1951,6,6,6/6/1951,16:30:00,3,KS,20,37,2,3,0,3,0,37.58,-101.33,0,0,0.1,10,0
109,1951,6,6,6/6/1951,18:00:00,3,KS,20,38,1,0,0,4,0,38.88,-99.92,38.93,-99.88,3,400,0
110,1951,6,6,6/6/1951,18:20:00,3,TX,48,8,1,0,0,4,0,35.23,-101.82,0,0,0.1,10,1
111,1951,6,6,6/6/1951,18:50:00,3,TX,48,9,0,0,0,1,0,35.62,-101.47,0,0,0.1,10,1
112,1951,6,6,6/6/1951,19:30:00,3,KS,20,39,3,3,0,4,0,37.58,-101.37,37.03,-100.93,44.8,10,0
116,1951,6,6,6/6/1951,19:30:00,3,KS,20,43,0,0,0,0,0,37.77,-98.57,0,0,0.1,10,1
115,1951,6,6,6/6/1951,19:30:00,3,KS,20,42,0,0,0,0,0,37.52,-98.82,0,0,0.1,10,1
114,1951,6,6,6/6/1951,19:30:00,3,KS,20,41,1,0,0,0,0,37.63,-98.9,37.65,-98.73,9,10,1
113,1951,6,6,6/6/1951,19:30:00,3,KS,20,40,1,0,0,4,0,37.78,-98.87,0,0,0.1,10,1
117,1951,6,6,6/6/1951,20:00:00,3,KS,20,44,1,0,0,0,0,39.18,-99.03,0,0,0.1,10,0
118,1951,6,6,6/6/1951,20:06:00,3,TX,48,10,3,12,0,5,0,35.43,-101.18,35.32,-101.07,10.4,100,0
119,1951,6,6,6/6/1951,20:40:00,3,TX,48,11,0,0,0,3,0,35.55,-100.97,0,0,0.1,10,0
120,1951,6,6,6/6/1951,20:50:00,3,TX,48,12,2,0,0,5,0,34.43,-100.2,34.43,-100.13,3.6,1760,0
121,1951,6,6,6/6/1951,21:30:00,3,OK,40,26,0,0,0,2,0,34.83,-99.47,0,0,0.2,33,0
122,1951,6,6,6/6/1951,22:00:00,3,KS,20,45,1,0,0,3,0,37.68,-97.12,0,0,0.1,10,0
123,1951,6,6,6/6/1951,23:50:00,3,OK,40,27,2,0,0,3,0,34.7,-97.7,34.73,-97.65,3.8,450,0
124,1951,6,7,6/7/1951,17:00:00,3,OK,40,28,2,0,0,4,0,34.5,-99,0,0,0.5,100,0
125,1951,6,7,6/7/1951,18:15:00,3,OK,40,29,1,1,0,4,0,36.45,-95.75,36.48,-95.65,5.7,33,0
126,1951,6,7,6/7/1951,22:55:00,3,OK,40,30,2,1,0,1,0,35.57,-95.27,0,0,0.1,10,0
127,1951,6,8,6/8/1951,9:00:00,3,AL,1,2,2,2,0,3,0,34.97,-86.43,0,0,0.1,100,0
128,1951,6,8,6/8/1951,13:30:00,3,KS,20,46,1,0,0,2,0,38.42,-95.62,0,0,0.8,600,0
129,1951,6,8,6/8/1951,17:00:00,3,KS,20,47,2,0,0,3,0,38.88,-95.35,0,0,0.1,10,0
130,1951,6,8,6/8/1951,17:45:00,3,MO,29,2,1,0,0,3,0,37.93,-91.88,0,0,0.1,10,0
131,1951,6,8,6/8/1951,18:30:00,3,OK,40,31,3,0,0,5,0,35.38,-98.8,35.33,-98.62,10.9,173,0
132,1951,6,8,6/8/1951,19:14:00,3,OK,40,32,1,0,0,4,0,36.67,-97.33,0,0,0.3,200,0
133,1951,6,8,6/8/1951,19:15:00,3,OK,40,33,1,0,0,3,0,34.37,-98.72,0,0,0.1,10,0
134,1951,6,9,6/9/1951,5:30:00,3,MS,28,5,0,0,0,3,0,32.9,-90.72,0,0,2,10,1
135,1951,6,9,6/9/1951,17:00:00,3,NC,37,1,1,0,0,4,0,36,-78.33,36.03,-78.28,3.8,30,0
136,1951,6,13,6/13/1951,15:05:00,3,VA,51,3,2,12,0,5,0,37.55,-77.48,37.6,-77.43,4.1,350,0
137,1951,6,13,6/13/1951,15:30:00,3,NC,37,2,1,0,0,4,0,34.4,-77.53,0,0,1,20,0
138,1951,6,14,6/14/1951,11:30:00,3,ND,38,1,0,0,0,0,0,46.77,-100.45,0,0,0.1,10,1
139,1951,6,14,6/14/1951,21:00:00,3,CO,8,6,1,0,0,3,0,39,-104.25,0,0,0.1,10,0
140,1951,6,15,6/15/1951,19:15:00,3,KS,20,48,0,0,0,1,0,39.07,-95.82,0,0,0.5,100,0
141,1951,6,15,6/15/1951,22:20:00,3,TX,48,13,1,6,0,5,0,32.45,-100.02,32.45,-99.93,4.9,20,0
142,1951,6,16,6/16/1951,0:30:00,3,TX,48,14,2,0,0,4,0,32.45,-97.42,32.45,-97.17,14.5,20,0
143,1951,6,17,6/17/1951,15:00:00,3,KS,20,49,0,0,0,3,0,38,-101.78,0,0,0.1,10,1
144,1951,6,17,6/17/1951,22:00:00,3,KS,20,50,0,0,0,0,0,39.07,-100.23,0,0,0.7,10,0
145,1951,6,17,6/17/1951,22:30:00,3,KS,20,51,0,0,0,0,0,39.07,-100.3,0,0,0.1,10,1
146,1951,6,17,6/17/1951,23:00:00,3,KS,20,52,0,0,0,3,0,38.62,-95.08,0,0,0.1,10,1
147,1951,6,18,6/18/1951,18:00:00,3,CO,8,7,2,0,0,2,0,38.15,-103.97,38.18,-103.42,29.9,10,1
148,1951,6,19,6/19/1951,16:00:00,3,IA,19,2,1,0,0,0,0,43.38,-96.25,0,0,0.5,17,0
149,1951,6,19,6/19/1951,17:30:00,3,MN,27,1,4,20,1,6,0,44.88,-94.37,45.22,-93.35,52.6,330,0
150,1951,6,19,6/19/1951,17:45:00,3,NE,31,5,1,0,0,3,0,42.95,-103.88,42.98,-103.78,4.7,110,0
151,1951,6,19,6/19/1951,18:00:00,3,KS,20,53,0,0,0,3,0,37.1,-99.1,0,0,0.1,10,1
152,1951,6,19,6/19/1951,20:50:00,3,WI,55,1,2,0,0,4,0,43.62,-88.5,0,0,1,467,0
153,1951,6,20,6/20/1951,22:00:00,3,KS,20,54,2,0,0,4,0,38.47,-101.37,38.48,-100.47,48.6,10,0
154,1951,6,20,6/20/1951,22:00:00,3,KS,20,55,1,0,0,0,0,39.28,-100.95,0,0,0.1,10,0
155,1951,6,20,6/20/1951,23:20:00,3,OK,40,34,1,0,0,5,0,36.3,-98.18,0,0,0.1,10,0
156,1951,6,21,6/21/1951,1:00:00,3,KS,20,57,1,0,0,0,0,39.37,-98.88,39.4,-98.47,22.2,10,1
157,1951,6,21,6/21/1951,17:00:00,3,OK,40,35,1,0,0,3,0,36.63,-102.78,36.67,-102.72,4.3,10,0
158,1951,6,21,6/21/1951,19:50:00,3,IN,18,2,3,4,0,6,0,41.12,-86.48,41.12,-86.35,5.4,1760,0
159,1951,6,21,6/21/1951,23:00:00,3,KS,20,56,2,0,0,0,0,38.53,-99.32,0,0,0.1,10,0
160,1951,6,22,6/22/1951,2:00:00,3,KS,20,58,0,0,0,2,0,37.83,-96.3,0,0,0.1,10,1
161,1951,6,22,6/22/1951,15:30:00,3,OH,39,2,2,0,0,6,0,41.42,-81.85,0,0,1,100,0
163,1951,6,23,6/23/1951,22:00:00,3,KS,20,60,2,5,1,4,0,37.18,-101.35,0,0,0.1,10,0
162,1951,6,23,6/23/1951,22:00:00,3,KS,20,59,1,0,1,4,0,37.12,-101.62,0,0,0.1,10,1
164,1951,6,24,6/24/1951,14:00:00,3,SC,45,1,1,0,0,4,0,33.32,-81.13,0,0,0.1,10,0
165,1951,6,25,6/25/1951,15:00:00,3,MN,27,2,2,0,0,5,0,43.57,-94.77,43.6,-94.48,14.2,10,0
166,1951,6,25,6/25/1951,15:30:00,3,NE,31,6,2,1,0,0,0,41.1,-103.05,41.22,-102.92,10.4,57,0
167,1951,6,25,6/25/1951,17:07:00,3,IA,19,3,2,8,0,0,0,43.22,-93.8,0,0,0.8,500,0
168,1951,6,25,6/25/1951,17:45:00,3,CO,8,8,1,1,0,0,0,40.85,-102.5,40.58,-102.33,20.2,10,0
169,1951,6,26,6/26/1951,14:45:00,3,WV,54,1,1,1,0,0,0,39.13,-81.7,39.13,-81.7,0.1,250,0
170,1951,6,26,6/26/1951,18:00:00,3,MI,26,3,1,0,0,4,0,43.67,-84.33,0,0,0.1,10,0
171,1951,6,27,6/27/1951,0:10:00,3,KS,20,61,4,100,5,6,0,39.03,-99.88,0,0,0.8,300,0
172,1951,6,27,6/27/1951,1:00:00,3,KS,20,62,1,0,0,3,0,38.87,-99.37,0,0,0.1,10,0
173,1951,6,27,6/27/1951,6:00:00,3,OH,39,3,1,0,0,6,0,39.5,-84.58,39.53,-84.5,4.7,10,0
174,1951,6,27,6/27/1951,15:00:00,3,VA,51,4,1,0,0,3,0,37.12,-76.53,0,0,0.1,10,0
175,1951,6,27,6/27/1951,19:30:00,3,IL,17,1,3,35,0,6,0,39.95,-89.17,39.95,-88.98,9.6,300,0
176,1951,6,27,6/27/1951,20:45:00,3,IL,17,2,3,15,1,6,0,40.27,-89.47,40.27,-89.12,18.2,200,0
177,1951,6,27,6/27/1951,22:04:00,3,PA,42,3,2,0,0,3,0,40.58,-79.25,40.87,-79.18,19.7,10,0
178,1951,7,2,7/2/1951,0:15:00,3,TX,48,15,2,0,0,5,0,34.18,-102.12,0,0,1,20,0
179,1951,7,3,7/3/1951,20:00:00,3,WI,55,2,2,0,0,4,0,43.48,-90.23,0,0,0.5,50,0
180,1951,7,4,7/4/1951,1:00:00,3,MO,29,3,2,1,0,5,0,37.15,-94.47,0,0,0.1,100,0
181,1951,7,4,7/4/1951,21:00:00,3,KS,20,63,0,0,0,3,0,37.58,-99.6,0,0,0.1,10,1
182,1951,7,6,7/6/1951,11:00:00,3,NC,37,3,1,0,0,4,0,33.92,-78.23,0,0,0.1,10,0
183,1951,7,7,7/7/1951,17:30:00,3,NE,31,7,0,0,0,4,0,40.85,-101.55,40.88,-101.45,5.1,10,0
184,1951,7,7,7/7/1951,18:00:00,3,KS,20,64,2,0,0,3,0,39.25,-99.57,0,0,0.1,10,0
185,1951,7,8,7/8/1951,20:00:00,3,SD,46,1,2,1,0,0,0,45.37,-96.83,0,0,0.1,10,0
186,1951,7,8,7/8/1951,20:15:00,3,MO,29,4,2,0,0,4,0,39.22,-94.02,39.25,-94.02,2.3,100,0
187,1951,7,9,7/9/1951,1:00:00,3,IN,18,3,2,0,0,5,0,40.48,-86.12,0,0,1,1760,0
188,1951,7,9,7/9/1951,23:45:00,3,MO,29,5,1,0,0,2,0,36.55,-91.7,0,0,2,440,0
189,1951,7,13,7/13/1951,20:00:00,3,NE,31,8,0,0,0,0,0,41.23,-102.58,0,0,0.1,10,0
190,1951,7,15,7/15/1951,16:20:00,3,OK,40,36,2,0,0,2,0,34.8,-94.8,0,0,0.1,100,0
191,1951,7,15,7/15/1951,16:20:00,3,OK,40,37,0,0,0,0,0,34.8,-94.8,0,0,0.1,100,0
192,1951,7,15,7/15/1951,16:20:00,3,OK,40,38,0,0,0,0,0,34.8,-94.8,0,0,0.1,100,0
193,1951,7,17,7/17/1951,17:45:00,3,IA,19,4,1,2,0,0,0,43.18,-95.87,0,0,0.1,10,0
194,1951,7,20,7/20/1951,18:15:00,3,SD,46,2,2,4,0,0,0,44.9,-96.08,0,0,1,10,0
195,1951,7,20,7/20/1951,21:00:00,3,MN,27,3,3,40,5,7,0,44.93,-93.5,44.88,-93.27,11.6,10,0
196,1951,7,21,7/21/1951,11:00:00,3,PA,42,4,0,0,0,2,0,41.8,-76.47,0,0,0.1,10,0
197,1951,7,21,7/21/1951,22:00:00,3,MI,26,4,2,0,0,4,0,42.15,-83.55,0,0,0.5,217,0
198,1951,7,22,7/22/1951,0:50:00,3,KS,20,65,2,0,0,3,0,39.48,-97.58,39.4,-97.48,7.7,10,1
199,1951,7,22,7/22/1951,15:20:00,3,FL,12,4,2,0,0,3,0,27.73,-82.43,0,0,0.1,10,0
200,1951,7,27,7/27/1951,15:30:00,3,OK,40,39,1,0,0,3,0,36.13,-99.8,0,0,0.1,10,0
201,1951,8,6,8/6/1951,15:00:00,3,KS,20,66,0,0,0,1,0,37.55,-99.63,0,0,0.1,10,1
202,1951,8,7,8/7/1951,17:00:00,3,KS,20,67,1,0,0,3,0,37.05,-101.77,0,0,0.1,10,0
203,1951,8,7,8/7/1951,21:30:00,3,KS,20,68,0,0,0,0,0,38.75,-99.83,0,0,0.1,10,1
204,1951,8,8,8/8/1951,15:00:00,3,NE,31,9,1,0,0,4,0,41.75,-103.25,41.77,-103.2,0.1,440,0
205,1951,8,9,8/9/1951,11:00:00,3,NC,37,4,2,0,0,4,0,35.75,-81.33,0,0,0.5,100,0
206,1951,8,10,8/10/1951,13:57:00,3,OK,40,40,1,2,0,4,0,35.8,-97.2,35.88,-97.17,5.9,200,0
207,1951,8,10,8/10/1951,15:30:00,3,NM,35,2,0,0,0,1,0,36.67,-103.95,36.78,-103.78,12.2,30,0
208,1951,8,10,8/10/1951,18:30:00,3,KS,20,69,1,0,0,4,0,39.87,-101.67,39.87,-101.62,2.3,250,1
210,1951,8,13,8/13/1951,2:30:00,3,KS,20,71,1,0,0,4,0,38.23,-97.77,0,0,0.1,10,1
209,1951,8,13,8/13/1951,2:30:00,3,KS,20,70,1,0,0,4,0,38.23,-97.77,0,0,0.1,10,1
211,1951,8,14,8/14/1951,15:00:00,3,ND,38,2,1,0,0,2,0,46.38,-102.25,0,0,0.1,10,0
212,1951,8,15,8/15/1951,14:00:00,3,MI,26,5,1,0,0,5,0,42.67,-84.83,42.7,-84.78,2.3,100,0
213,1951,8,15,8/15/1951,14:00:00,3,MI,26,7,1,0,0,4,0,43.18,-83.22,0,0,0.2,300,0
214,1951,8,15,8/15/1951,14:30:00,3,MI,26,6,2,0,0,5,0,42.9,-84.88,43,-84.33,28.5,333,0
215,1951,8,20,8/20/1951,15:30:00,3,CT,9,1,2,0,0,4,0,41.87,-72.25,0,0,0.1,50,0
216,1951,8,21,8/21/1951,14:00:00,3,MA,25,1,2,0,0,3,0,42.7,-71.13,42.77,-70.97,9.3,100,0
217,1951,8,21,8/21/1951,14:00:00,3,NH,33,1,2,0,0,3,0,42.83,-71.13,42.9,-71.07,4.9,67,0
218,1951,8,21,8/21/1951,16:15:00,3,CT,9,2,2,9,0,5,0,41.62,-73.42,41.8,-72.6,43.9,100,0
219,1951,8,21,8/21/1951,16:30:00,3,CT,9,3,3,8,0,5,0,41.58,-72.5,0,0,0.1,10,0
220,1951,8,22,8/22/1951,15:00:00,3,LA,22,6,1,0,0,4,0,30.25,-93.42,0,0,0.5,33,0
221,1951,8,23,8/23/1951,21:30:00,3,KS,20,72,0,0,0,2,0,38.58,-99.57,0,0,0.1,10,1
222,1951,8,24,8/24/1951,7:30:00,3,KS,20,73,0,0,0,3,0,38.67,-95.17,0,0,0.1,10,1
223,1951,8,24,8/24/1951,17:30:00,3,KS,20,74,2,0,0,4,0,39.78,-100.92,39.8,-100.85,3.3,100,0
224,1951,8,26,8/26/1951,23:59:00,3,IA,19,5,1,0,0,0,0,42.85,-95.95,42.92,-95.87,5.6,140,0
225,1951,8,31,8/31/1951,15:50:00,3,OK,40,41,1,0,0,3,0,36.73,-98.67,0,0,0.5,440,0
226,1951,8,31,8/31/1951,16:20:00,3,KS,20,75,1,0,0,4,0,38.67,-97.67,0,0,0.1,10,1
227,1951,8,31,8/31/1951,16:20:00,3,KS,20,76,1,0,0,4,0,38.67,-96.95,0,0,0.1,10,1
228,1951,9,2,9/2/1951,16:15:00,3,LA,22,7,1,0,0,4,0,31.92,-92.73,0,0,0.5,100,0
229,1951,9,9,9/9/1951,9:15:00,3,MS,28,6,2,0,0,0,0,33.5,-88.43,0,0,0.1,100,0
230,1951,9,9,9/9/1951,16:20:00,3,OK,40,42,2,0,0,3,0,36.62,-95.02,0,0,2,67,0
231,1951,9,12,9/12/1951,11:30:00,3,WI,55,3,3,1,0,5,0,44.63,-92.08,44.92,-91.75,24.4,200,0
232,1951,9,23,9/23/1951,21:30:00,3,KS,20,77,0,0,0,2,0,38.62,-99.52,0,0,0.8,100,1
233,1951,9,26,9/26/1951,15:45:00,3,WI,55,4,4,3,6,5,0,44.33,-89.3,44.47,-88.78,26.4,100,0
234,1951,9,26,9/26/1951,16:30:00,3,WI,55,5,4,9,1,5,0,43.47,-89.25,43.53,-89.08,9,100,0
235,1951,9,26,9/26/1951,21:00:00,3,MI,26,8,2,3,1,0,0,43.78,-85.87,43.78,-85.8,2.3,440,0
236,1951,9,27,9/27/1951,10:30:00,3,LA,22,8,2,0,0,4,0,29.87,-90.13,0,0,1,20,0
237,1951,10,21,10/21/1951,20:30:00,3,OK,40,43,1,0,0,3,0,36.53,-97.07,0,0,2,880,0
238,1951,10,23,10/23/1951,3:00:00,3,AR,5,2,2,4,0,0,0,35,-93.5,0,0,0.1,10,0
239,1951,11,1,11/1/1951,6:40:00,3,VA,51,5,1,0,0,3,0,37.22,-76.52,0,0,0.1,230,0
240,1951,11,1,11/1/1951,7:00:00,3,LA,22,9,1,0,0,4,0,30.08,-89.8,0,0,0.3,100,0
241,1951,11,13,11/13/1951,13:15:00,3,IL,17,3,2,0,0,4,0,40.2,-89.72,40.6,-88.98,47.4,50,0
242,1951,11,13,11/13/1951,13:30:00,3,MO,29,6,3,1,0,4,0,36.62,-89.75,0,0,1,27,0
243,1951,11,13,11/13/1951,14:50:00,3,IL,17,4,2,7,0,5,0,37.9,-89.53,37.97,-89.43,7.1,250,0
244,1951,11,13,11/13/1951,16:00:00,3,IN,18,4,2,0,0,5,0,41.6,-87.33,0,0,0.3,400,0
245,1951,11,13,11/13/1951,17:50:00,3,KY,21,2,3,11,1,5,0,37.02,-88.33,0,0,2,10,0
246,1951,11,14,11/14/1951,22:00:00,3,TN,47,1,2,0,0,4,0,35.22,-87.03,0,0,0.2,10,0
247,1951,11,15,11/15/1951,15:00:00,3,AL,1,3,2,2,0,3,0,34.2,-86.7,0,0,0.1,150,0
248,1951,11,15,11/15/1951,20:00:00,3,AL,1,5,2,6,0,3,0,34.83,-87.8,0,0,1.5,177,0
249,1951,11,16,11/16/1951,1:00:00,3,AL,1,4,2,1,0,3,0,34.08,-86.52,0,0,1.5,10,0
250,1951,11,16,11/16/1951,6:55:00,3,GA,13,3,1,0,0,3,0,31.53,-84.17,0,0,0.5,100,0
251,1951,12,4,12/4/1951,11:25:00,3,FL,12,5,1,0,0,3,0,28.12,-82.03,0,0,0.1,27,0
252,1951,12,6,12/6/1951,17:40:00,3,OR,41,1,1,0,0,1,0,44.18,-123.23,0,0,0.3,50,0
253,1951,12,6,12/6/1951,18:00:00,3,IL,17,5,3,1,1,5,0,41.33,-89.18,41.65,-89.12,21.9,150,0
254,1951,12,8,12/8/1951,17:30:00,3,MS,28,7,0,0,0,3,0,32.17,-90.8,0,0,0.5,350,1
255,1951,12,18,12/18/1951,13:30:00,3,FL,12,6,1,0,0,3,0,30.35,-81.75,0,0,0.5,33,0
256,1951,12,18,12/18/1951,17:00:00,3,MA,25,2,2,0,0,0,0,41.37,-70.53,0,0,0.1,10,0
257,1951,12,18,12/18/1951,17:45:00,3,FL,12,8,2,0,0,4,0,27.75,-81.8,0,0,0.1,150,0
258,1951,12,18,12/18/1951,18:00:00,3,FL,12,9,1,0,0,3,0,27.77,-82.63,0,0,2.8,100,0
259,1951,12,18,12/18/1951,18:30:00,3,FL,12,7,2,0,0,2,0,27.78,-81.53,0,0,0.1,10,0
260,1951,12,20,12/20/1951,15:15:00,3,MS,28,8,1,0,0,4,0,33.13,-89.05,0,0,2,900,1
1,1952,1,17,1/17/1952,19:34:00,3,PA,42,1,2,0,0,5,0,41.6,-80.3,0,0,0.5,400,0
2,1952,1,22,1/22/1952,7:00:00,3,GA,13,1,2,8,0,5,0,31.27,-84.02,31.33,-83.9,8.7,350,0
3,1952,1,22,1/22/1952,9:00:00,3,AL,1,1,1,0,0,3,0,32.92,-85.97,0,0,0.1,10,0
4,1952,1,26,1/26/1952,15:30:00,3,AR,5,1,1,0,0,4,0,34.42,-91.4,0,0,0.1,10,0
5,1952,1,26,1/26/1952,16:00:00,3,AR,5,2,1,0,0,4,0,34.48,-91.55,0,0,0.1,10,0
6,1952,1,28,1/28/1952,3:40:00,3,GA,13,2,1,0,0,4,0,33.03,-83.97,33.03,-83.9,3.8,400,0
7,1952,1,28,1/28/1952,5:30:00,3,FL,12,1,1,3,0,4,0,30.47,-85.25,0,0,0.5,17,0
8,1952,1,28,1/28/1952,6:00:00,3,GA,13,3,1,1,0,4,0,31.58,-84.17,0,0,2,100,0
9,1952,1,28,1/28/1952,6:30:00,3,GA,13,4,2,0,0,4,0,31.52,-83.78,0,0,1,100,0
10,1952,1,28,1/28/1952,6:45:00,3,FL,12,2,2,0,0,4,0,30.5,-84.23,0,0,1.5,33,0
11,1952,1,28,1/28/1952,7:10:00,3,GA,13,5,1,2,0,5,0,31.47,-83.5,0,0,0.1,400,0
12,1952,1,28,1/28/1952,7:30:00,3,GA,13,6,1,1,0,3,0,32.58,-82.33,0,0,0.1,33,0
13,1952,2,1,2/1/1952,15:00:00,3,TX,48,1,2,0,0,4,0,30.08,-93.77,0,0,1,67,0
14,1952,2,13,2/13/1952,4:00:00,3,LA,22,1,0,0,0,4,0,32.98,-94,0,0,1,133,0
15,1952,2,13,2/13/1952,16:30:00,3,AR,5,3,2,5,0,0,0,35.95,-90.15,0,0,0.3,10,0
16,1952,2,13,2/13/1952,17:00:00,3,TN,47,1,2,0,0,4,0,36,-88.12,0,0,0.3,300,0
17,1952,2,13,2/13/1952,17:10:00,3,MO,29,1,2,0,0,3,0,36.07,-89.93,36.15,-89.87,6.8,100,0
18,1952,2,13,2/13/1952,19:30:00,3,MS,28,1,0,0,0,0,0,32.77,-89.1,0,0,0.1,10,0
19,1952,2,13,2/13/1952,19:45:00,3,TN,47,2,1,0,0,4,0,36.05,-87.03,0,0,0.3,200,0
20,1952,2,13,2/13/1952,20:00:00,3,AL,1,2,3,14,1,4,0,33.57,-87.67,33.62,-87.62,5.6,100,0
21,1952,2,13,2/13/1952,20:30:00,3,AL,1,3,1,6,0,6,0,34.02,-86.75,34.07,-86.67,6,400,0
22,1952,2,13,2/13/1952,21:00:00,3,TN,47,3,1,0,0,0,0,35.23,-86.82,0,0,0.2,400,0
23,1952,2,13,2/13/1952,21:30:00,3,AL,1,4,3,26,1,5,0,33.6,-86.93,0,0,0.1,200,0
24,1952,2,13,2/13/1952,22:00:00,3,MS,28,3,1,1,0,4,0,33.85,-88.47,0,0,0.1,10,0
25,1952,2,13,2/13/1952,22:00:00,3,TN,47,4,3,2,0,5,0,35.22,-86.6,35.22,-86.47,7.4,350,0
26,1952,2,13,2/13/1952,22:30:00,3,MS,28,2,1,2,0,0,0,30.42,-89.48,0,0,0.1,10,0
27,1952,2,13,2/13/1952,22:30:00,3,TN,47,5,4,44,3,5,0,35.2,-86.3,35.22,-86.08,12.7,100,0
28,1952,2,13,2/13/1952,23:00:00,3,TN,47,6,3,2,0,5,0,35.25,-85.83,35.27,-85.75,5.1,400,0
29,1952,2,19,2/19/1952,9:00:00,3,LA,22,2,2,5,0,4,0,32.35,-94,0,0,0.5,200,0
30,1952,2,20,2/20/1952,9:10:00,3,FL,12,3,2,4,0,4,0,30.17,-85.7,0,0,1.5,73,0
31,1952,2,26,2/26/1952,10:20:00,3,FL,12,4,1,0,0,3,0,26.57,-80.12,0,0,1.5,17,0
32,1952,2,29,2/29/1952,16:00:00,3,TN,47,7,1,166,3,4,0,35.42,-86.7,0,0,0.1,100,0
33,1952,2,29,2/29/1952,16:30:00,3,TN,47,8,4,150,2,6,0,35.15,-86.58,0,0,2,300,0
34,1952,2,29,2/29/1952,16:40:00,3,TN,47,10,2,0,0,4,0,35.53,-85.85,0,0,1,400,0
35,1952,2,29,2/29/1952,17:00:00,3,AL,1,5,3,12,0,0,0,34.5,-85.7,34.53,-85.67,3.3,400,0
36,1952,2,29,2/29/1952,17:30:00,3,TN,47,9,2,0,0,5,0,35.3,-84.67,35.45,-84.47,15.3,587,0
37,1952,2,29,2/29/1952,19:00:00,3,GA,13,7,2,0,0,4,0,34.4,-83.33,34.42,-83.2,7.8,77,0
38,1952,2,29,2/29/1952,19:30:00,3,GA,13,8,2,3,0,5,0,34.37,-83.58,34.37,-83.42,9.4,300,0
39,1952,2,29,2/29/1952,20:15:00,3,GA,13,9,2,5,0,4,0,34.12,-83.67,0,0,0.2,17,0
40,1952,3,2,3/2/1952,22:00:00,3,TX,48,2,0,0,0,3,0,32.97,-96.58,0,0,0.2,10,0
41,1952,3,3,3/3/1952,5:45:00,3,AR,5,4,1,0,0,2,0,35.13,-93.93,0,0,0.6,50,0
42,1952,3,3,3/3/1952,13:10:00,3,AL,1,6,3,6,0,4,0,33.33,-87.9,33.37,-87.87,3.3,440,0
43,1952,3,3,3/3/1952,20:11:00,3,GA,13,10,3,4,0,5,0,32.8,-83.68,32.78,-83.62,4.3,400,0
44,1952,3,10,3/10/1952,8:30:00,3,LA,22,3,3,0,0,5,0,32.23,-93.65,32.78,-93.07,50.9,650,0
45,1952,3,13,3/13/1952,14:20:00,3,GA,13,11,1,0,0,4,0,31.65,-84.17,0,0,1,150,0
46,1952,3,17,3/17/1952,19:30:00,3,TX,48,3,1,0,0,4,0,33.88,-98.58,0,0,0.1,33,0
47,1952,3,17,3/17/1952,20:00:00,3,TX,48,4,0,0,0,3,0,32.92,-98.25,0,0,0.5,20,0
48,1952,3,18,3/18/1952,17:25:00,3,MO,29,2,2,1,0,4,0,37.75,-90.5,37.88,-90.22,18.4,100,0
49,1952,3,18,3/18/1952,18:07:00,3,IL,17,1,1,1,0,4,0,39.18,-90.37,39.22,-90.32,3,10,0
50,1952,3,18,3/18/1952,18:21:00,3,IL,17,2,2,0,0,5,0,38.1,-89.93,38.15,-89.87,4.9,100,0
51,1952,3,18,3/18/1952,18:30:00,3,MO,29,3,2,0,0,4,0,37.37,-89.78,37.45,-89.73,6.2,500,0
52,1952,3,21,3/21/1952,14:40:00,3,AR,5,5,4,9,7,4,0,34.02,-94.02,34.22,-93.97,13,833,0
53,1952,3,21,3/21/1952,16:00:00,3,AR,5,6,3,0,0,4,0,34.72,-92.82,34.78,-92.52,17.7,440,0
54,1952,3,21,3/21/1952,16:50:00,3,AR,5,10,4,325,50,6,0,35.22,-91.7,35.37,-91.52,14.6,1760,0
55,1952,3,21,3/21/1952,17:00:00,3,AR,5,7,2,6,0,4,0,34.95,-92.42,0,0,0.1,10,0
56,1952,3,21,3/21/1952,17:00:00,3,AR,5,8,4,6,2,5,0,34.9,-91.85,34.8,-91.8,7.6,10,0
57,1952,3,21,3/21/1952,17:00:00,3,AR,5,9,3,9,9,5,0,34.53,-91.8,34.73,-91.65,16.2,10,0
58,1952,3,21,3/21/1952,17:20:00,3,AR,5,11,2,15,5,5,0,34.8,-91.8,34.98,-91.73,13.3,417,0
59,1952,3,21,3/21/1952,17:20:00,3,AR,5,12,0,5,1,3,0,34.72,-91.57,0,0,0.1,417,1
60,1952,3,21,3/21/1952,17:30:00,3,AR,5,13,3,0,0,4,0,35.13,-91.45,35.27,-91.18,17.6,600,0
61,1952,3,21,3/21/1952,17:30:00,3,AR,5,14,4,180,29,6,0,35,-91.25,35.13,-91.08,13.1,880,0
62,1952,3,21,3/21/1952,17:40:00,3,AR,5,15,3,6,0,3,0,35.47,-91.2,35.8,-90.97,28.5,440,0
63,1952,3,21,3/21/1952,18:00:00,3,TN,47,11,4,10,2,5,0,36.02,-89.2,36.08,-89.18,4.7,200,0
64,1952,3,21,3/21/1952,18:00:00,3,AR,5,16,4,5,4,5,0,35.42,-91,0,0,0.1,880,0
65,1952,3,21,3/21/1952,18:45:00,3,AR,5,17,3,96,3,5,0,35.6,-90.72,35.67,-90.52,51.8,880,0
66,1952,3,21,3/21/1952,18:45:00,3,AR,5,18,3,5,1,5,0,35.53,-90.42,35.62,-90.28,9.4,200,0
67,1952,3,21,3/21/1952,19:00:00,3,AR,5,19,3,57,1,5,0,35.67,-90.52,35.95,-89.9,39.7,880,0
68,1952,3,21,3/21/1952,20:00:00,3,MO,29,4,4,100,17,6,0,36.05,-89.82,36.07,-89.7,6.5,880,0
70,1952,3,21,3/21/1952,20:30:00,3,TN,47,12,3,30,10,5,0,35.95,-89.43,36.13,-89.2,18.1,1000,0
71,1952,3,21,3/21/1952,20:30:00,3,TN,47,13,4,5,4,5,0,36.1,-89.27,0,0,2,200,0
69,1952,3,21,3/21/1952,20:30:00,3,MS,28,4,0,1,0,3,0,32.47,-90.12,0,0,0.1,20,1
72,1952,3,21,3/21/1952,22:00:00,3,MS,28,5,4,74,16,5,0,34.87,-89.68,35.12,-89.28,29.6,427,0
73,1952,3,21,3/21/1952,22:45:00,3,TN,47,14,2,2,2,4,0,35.8,-88.78,0,0,0.1,150,0
74,1952,3,21,3/21/1952,22:50:00,3,TN,47,15,3,3,0,5,0,35.85,-88.67,0,0,0.1,100,0
75,1952,3,21,3/21/1952,23:00:00,3,TN,47,16,2,8,1,5,0,35.93,-88.5,0,0,0.1,150,0
76,1952,3,21,3/21/1952,23:17:00,3,TN,47,17,3,19,0,5,0,36.02,-88.27,36.07,-88.2,5.1,177,0
77,1952,3,21,3/21/1952,23:30:00,3,TN,47,19,4,157,38,6,0,35.27,-88.98,35.63,-88.28,46.8,177,0
78,1952,3,21,3/21/1952,23:55:00,3,TN,47,20,2,0,0,4,0,35.85,-87.68,0,0,0.3,500,0
79,1952,3,22,3/22/1952,0:05:00,3,KY,21,1,3,18,0,5,0,37.53,-85.72,37.55,-85.67,2.7,10,0
80,1952,3,22,3/22/1952,0:20:00,3,TN,47,21,2,10,3,4,0,35.87,-87.58,0,0,0.5,40,0
81,1952,3,22,3/22/1952,11:15:00,3,TN,47,22,1,1,0,4,0,36.25,-85.93,0,0,0.3,10,0
82,1952,3,22,3/22/1952,15:00:00,3,AL,1,7,4,50,4,4,0,34.6,-87,34.68,-86.63,21.6,100,0
83,1952,4,3,4/3/1952,18:00:00,3,TX,48,5,2,1,0,4,0,33.6,-96.7,33.63,-96.63,4.9,200,0
84,1952,4,3,4/3/1952,23:00:00,3,LA,22,4,1,0,0,4,0,32.95,-92.83,0,0,2,67,0
85,1952,4,4,4/4/1952,2:00:00,3,LA,22,5,3,10,0,5,0,30.17,-92.87,30.37,-92.3,36.7,100,0
86,1952,4,4,4/4/1952,3:30:00,3,LA,22,6,2,33,4,5,0,30.37,-92.13,30.4,-91.8,20.4,67,0
87,1952,4,4,4/4/1952,3:30:00,3,LA,22,7,2,3,0,6,0,29.87,-91.62,29.93,-91.55,6.4,20,0
88,1952,4,4,4/4/1952,6:20:00,3,AL,1,8,1,2,0,4,0,30.7,-88.28,0,0,0.2,200,0
89,1952,4,4,4/4/1952,9:20:00,3,FL,12,5,1,1,0,3,0,30.17,-85.7,0,0,0.1,20,0
90,1952,4,5,4/5/1952,0:45:00,3,NC,37,1,2,0,0,4,0,35.8,-78.88,35.9,-78.88,6.9,300,0
91,1952,4,5,4/5/1952,9:15:00,3,VA,51,1,2,2,0,4,0,38.22,-78.83,0,0,1,150,0
92,1952,4,5,4/5/1952,10:00:00,3,VA,51,2,2,0,0,5,0,38.37,-78.73,38.42,-78.67,4.9,10,0
93,1952,4,5,4/5/1952,12:00:00,3,MD,24,1,1,0,0,4,0,39.45,-77.55,0,0,1,50,0
94,1952,4,5,4/5/1952,12:15:00,3,PA,42,2,3,4,0,6,0,39.8,-76.98,39.95,-76.72,17.5,10,0
95,1952,4,5,4/5/1952,13:00:00,3,PA,42,3,0,6,0,5,0,40.23,-76.8,0,0,0.1,10,0
96,1952,4,5,4/5/1952,14:00:00,3,MD,24,2,1,1,0,4,0,39.63,-77.42,0,0,1,50,0
97,1952,4,5,4/5/1952,15:00:00,3,MD,24,3,0,0,0,2,0,39.12,-75.75,0,0,0.3,33,0
98,1952,4,5,4/5/1952,15:30:00,3,PA,42,4,1,0,0,3,0,41.12,-75.28,0,0,1,10,0
99,1952,4,5,4/5/1952,16:10:00,3,NJ,34,1,1,0,0,3,0,40.63,-74.32,0,0,0.2,33,0
100,1952,4,8,4/8/1952,13:30:00,3,KS,20,1,1,0,0,2,0,37.87,-99.47,0,0,0.1,10,0
101,1952,4,8,4/8/1952,16:45:00,3,OK,40,1,0,0,0,2,0,35.25,-99.7,35.85,-99.35,45.9,100,0
102,1952,4,13,4/13/1952,13:10:00,3,OH,39,1,1,4,0,5,0,40.53,-81.5,0,0,0.1,10,0
103,1952,4,18,4/18/1952,14:15:00,3,TX,48,6,1,0,0,3,0,32.22,-95.85,0,0,0.8,200,0
104,1952,4,20,4/20/1952,15:30:00,3,OK,40,2,1,0,0,4,0,34.88,-99.87,36.15,-99.3,0.1,20,0
105,1952,4,20,4/20/1952,16:00:00,3,OK,40,3,0,0,0,2,0,34.67,-99.5,0,0,1.5,440,0
106,1952,4,20,4/20/1952,16:00:00,3,OK,40,4,0,0,0,0,0,34.67,-99.5,0,0,1.5,440,0
107,1952,4,20,4/20/1952,16:00:00,3,OK,40,5,0,0,0,0,0,34.67,-99.5,0,0,1.5,440,0
108,1952,4,21,4/21/1952,12:15:00,3,TX,48,7,4,0,0,4,0,31.5,-97.45,31.48,-97.42,2.3,200,0
109,1952,4,21,4/21/1952,16:05:00,3,OK,40,6,0,0,0,0,0,36.87,-97.33,0,0,0.3,50,0
110,1952,4,22,4/22/1952,17:30:00,3,KS,20,2,0,0,0,0,0,39.18,-96.75,0,0,0.1,10,1
111,1952,4,22,4/22/1952,18:30:00,3,AR,5,20,1,0,0,1,0,33.32,-93.25,0,0,0.3,150,0
112,1952,4,22,4/22/1952,19:15:00,3,AR,5,21,1,0,0,3,0,35.9,-91.63,0,0,0.1,100,0
113,1952,4,23,4/23/1952,9:15:00,3,LA,22,8,0,0,0,3,0,30.88,-90.5,0,0,0.5,20,0
114,1952,4,29,4/29/1952,13:30:00,3,KS,20,3,0,0,0,0,0,37.08,-100.08,0,0,0.1,10,0
115,1952,4,29,4/29/1952,16:00:00,3,NE,31,1,1,0,0,0,0,40.15,-99.8,0,0,1,20,0
116,1952,4,30,4/30/1952,15:45:00,3,OK,40,7,2,0,0,3,0,36.77,-99.08,36.77,-98.83,13.7,200,0
117,1952,4,30,4/30/1952,18:30:00,3,TX,48,8,3,6,0,5,0,31.45,-100.47,0,0,0.5,100,0
118,1952,4,30,4/30/1952,19:14:00,3,KS,20,5,0,0,0,0,0,38.07,-98.67,0,0,0.1,10,0
119,1952,4,30,4/30/1952,20:50:00,3,KS,20,4,0,0,0,0,0,37.75,-99.83,0,0,0.1,10,0
120,1952,5,6,5/6/1952,13:00:00,3,NY,36,1,2,0,0,4,0,44.33,-74,44.38,-73.92,4.9,200,0
121,1952,5,7,5/7/1952,16:00:00,3,MO,29,5,1,0,0,2,0,40.1,-94.53,0,0,1.5,400,0
122,1952,5,8,5/8/1952,12:30:00,3,WY,56,1,1,0,0,1,0,42.93,-104.33,0,0,2,100,0
123,1952,5,8,5/8/1952,14:30:00,3,CO,8,1,2,1,0,4,0,39.48,-102.6,0,0,2.5,200,0
124,1952,5,8,5/8/1952,16:00:00,3,NE,31,2,1,0,0,0,0,41.18,-103.33,0,0,0.1,10,0
125,1952,5,9,5/9/1952,18:45:00,3,IN,18,1,1,0,0,5,0,39.8,-86.07,39.87,-85.78,15.6,13,0
126,1952,5,10,5/10/1952,9:00:00,3,AL,1,9,1,0,0,4,0,33.73,-87.75,0,0,0.2,50,0
127,1952,5,10,5/10/1952,9:00:00,3,AL,1,10,1,0,0,4,0,33.73,-87.75,0,0,0.2,50,0
128,1952,5,10,5/10/1952,9:00:00,3,AL,1,11,1,0,0,4,0,33.73,-87.75,0,0,0.2,50,0
129,1952,5,10,5/10/1952,11:00:00,3,NC,37,2,2,6,0,0,0,36.1,-77.25,0,0,0.1,10,0
130,1952,5,10,5/10/1952,14:00:00,3,SC,45,1,3,4,2,1,0,34.8,-82.25,34.8,-81.85,22.7,83,0
131,1952,5,11,5/11/1952,6:20:00,3,GA,13,12,3,10,0,6,0,31.37,-83.25,31.4,-83.2,4.3,200,0
132,1952,5,13,5/13/1952,21:00:00,3,NE,31,3,1,0,0,0,0,41.42,-103.07,0,0,0.1,10,0
133,1952,5,15,5/15/1952,15:15:00,3,CO,8,2,3,5,0,4,0,40.33,-104.57,40.25,-104.47,7.4,150,0
134,1952,5,19,5/19/1952,9:00:00,3,LA,22,9,0,0,0,4,0,29.6,-90.67,0,0,1,33,0
135,1952,5,20,5/20/1952,11:00:00,3,NC,37,3,2,2,0,0,0,35.47,-76.38,0,0,1.5,33,0
136,1952,5,21,5/21/1952,18:00:00,3,KS,20,6,0,0,0,0,0,39.52,-99,0,0,0.1,10,1
137,1952,5,21,5/21/1952,19:30:00,3,KS,20,7,2,0,0,4,0,39.68,-97.87,0,0,0.2,100,0
138,1952,5,22,5/22/1952,17:10:00,3,KS,20,8,4,3,0,5,0,38.98,-95.22,39.07,-94.72,26.9,440,0
139,1952,5,22,5/22/1952,19:00:00,3,MO,29,6,2,1,0,5,0,38.9,-94.27,38.93,-94.23,1.3,440,0
140,1952,5,22,5/22/1952,23:30:00,3,OK,40,8,1,0,0,2,0,34.75,-97.92,0,0,0.1,10,0
141,1952,5,23,5/23/1952,4:00:00,3,OK,40,9,1,0,0,3,0,36.02,-96.82,0,0,0.1,10,0
142,1952,5,23,5/23/1952,4:30:00,3,OK,40,10,1,0,0,3,0,34.67,-98.87,34.83,-98.65,16.9,100,0
143,1952,5,23,5/23/1952,4:45:00,3,OK,40,11,2,1,0,5,0,34.62,-98.42,0,0,0.3,150,0
144,1952,5,23,5/23/1952,5:00:00,3,OK,40,12,2,0,0,5,0,34.65,-98.43,0,0,0.1,200,0
145,1952,5,23,5/23/1952,11:40:00,3,TX,48,9,0,1,0,3,0,32.22,-95.62,0,0,0.5,33,0
146,1952,5,23,5/23/1952,13:00:00,3,IA,19,1,2,0,0,0,0,42.75,-92.97,0,0,0.1,17,0
147,1952,5,23,5/23/1952,13:30:00,3,FL,12,6,0,1,0,3,0,28.55,-82.38,0,0,0.1,10,0
148,1952,5,23,5/23/1952,14:30:00,3,TX,48,10,1,1,0,3,0,31.45,-100.48,31.45,-100.37,7.1,50,0
149,1952,5,23,5/23/1952,15:00:00,3,IA,19,2,1,0,0,0,0,43.33,-93.08,0,0,0.1,10,0
150,1952,5,24,5/24/1952,15:05:00,3,OH,39,2,1,0,0,4,0,41.42,-81.5,0,0,0.1,200,0
151,1952,5,24,5/24/1952,17:50:00,3,IL,17,3,1,0,0,4,0,39.5,-90.02,0,0,0.1,10,0
152,1952,5,26,5/26/1952,18:00:00,3,NE,31,4,0,0,0,0,0,41.2,-103.03,0,0,2,33,0
153,1952,5,30,5/30/1952,11:00:00,3,FL,12,7,2,0,0,3,0,27.93,-82.82,0,0,0.1,10,0
154,1952,6,1,6/1/1952,0:49:00,3,OK,40,13,1,0,0,3,0,35.5,-100,0,0,0.1,10,0
155,1952,6,2,6/2/1952,18:30:00,3,IA,19,3,2,1,0,0,0,41.9,-95.4,41.88,-95.33,2.3,100,0
156,1952,6,4,6/4/1952,15:30:00,3,OK,40,14,1,0,0,3,0,36.07,-98.32,0,0,0.1,10,0
157,1952,6,4,6/4/1952,15:35:00,3,AR,5,22,2,0,0,0,0,36.12,-90.93,0,0,0.1,10,0
158,1952,6,5,6/5/1952,12:30:00,3,TX,48,11,1,0,0,1,0,33.65,-96.75,33.83,-96.65,13.8,33,0
159,1952,6,10,6/10/1952,17:00:00,3,ND,38,1,3,0,0,4,0,47.07,-104,47.2,-104.03,8.8,300,1
160,1952,6,10,6/10/1952,19:00:00,3,ND,38,2,2,0,0,4,0,46.78,-103.02,46.78,-102.8,10.1,10,0
161,1952,6,12,6/12/1952,19:00:00,3,SC,45,2,1,0,0,5,0,33.42,-81.42,0,0,2,167,0
162,1952,6,13,6/13/1952,12:00:00,3,FL,12,8,1,0,0,3,0,27.77,-82.62,0,0,2.5,10,0
163,1952,6,15,6/15/1952,0:50:00,3,OK,40,15,1,0,0,3,0,35.62,-99.68,0,0,0.1,10,0
164,1952,6,15,6/15/1952,16:00:00,3,ND,38,3,3,1,0,4,0,47.4,-99.55,0,0,1.7,10,0
165,1952,6,15,6/15/1952,19:02:00,3,NE,31,5,1,0,0,3,0,42.48,-98.67,0,0,1,10,0
166,1952,6,18,6/18/1952,14:30:00,3,AR,5,23,0,0,0,0,0,34.7,-92.08,0,0,0.1,10,0
167,1952,6,19,6/19/1952,19:10:00,3,KS,20,9,2,0,0,4,0,37.18,-97.42,37.22,-97.37,3.3,60,0
168,1952,6,20,6/20/1952,15:00:00,3,ND,38,4,0,0,0,0,0,47.92,-102.13,0,0,0.1,10,1
169,1952,6,21,6/21/1952,15:50:00,3,OK,40,16,1,0,0,1,0,36.28,-98.42,0,0,0.3,440,0
170,1952,6,21,6/21/1952,19:00:00,3,KS,20,10,2,0,0,4,0,39.13,-95.15,39.13,-94.68,24.9,10,0
171,1952,6,23,6/23/1952,16:30:00,3,MN,27,1,2,0,0,6,0,45.3,-95.5,45.35,-95.33,8.4,220,0
172,1952,6,23,6/23/1952,18:30:00,3,IA,19,4,4,4,0,6,0,42.75,-95.85,42.9,-95.42,24.1,400,0
173,1952,6,23,6/23/1952,18:55:00,3,SD,46,1,0,0,0,1,0,44.02,-98.1,0,0,2,43,0
174,1952,6,23,6/23/1952,20:30:00,3,MN,27,2,2,10,0,6,0,44,-95.28,44.85,-93.47,104.8,220,0
175,1952,6,23,6/23/1952,21:30:00,3,WI,55,1,3,6,2,6,0,45.42,-92.63,45.58,-92.33,18.2,100,0
176,1952,6,24,6/24/1952,10:00:00,3,SD,46,2,0,0,0,1,0,44.18,-101.45,0,0,0.1,10,0
177,1952,6,24,6/24/1952,18:30:00,3,MN,27,3,2,15,0,6,0,44.33,-93.85,45.2,-93.07,70.9,267,0
178,1952,6,26,6/26/1952,17:15:00,3,KS,20,11,2,0,0,4,0,39.68,-99.45,39.77,-99.25,12,10,0
179,1952,6,26,6/26/1952,17:30:00,3,CO,8,3,2,0,0,5,0,40,-103.6,0,0,7,10,0
180,1952,6,26,6/26/1952,20:00:00,3,NE,31,6,2,0,0,0,0,40.63,-96.93,40.58,-96.92,2.7,10,0
181,1952,6,27,6/27/1952,14:30:00,3,KS,20,12,2,0,0,3,0,39.75,-100.12,39.78,-100.08,1.9,100,0
182,1952,6,27,6/27/1952,23:00:00,3,SD,46,3,1,0,0,4,0,45.2,-99.4,0,0,0.1,10,1
183,1952,6,28,6/28/1952,19:10:00,3,SD,46,4,0,0,0,0,0,43.45,-99.08,0,0,1,100,0
184,1952,6,28,6/28/1952,22:10:00,3,SD,46,5,1,0,0,4,0,43.23,-97.58,0,0,0.1,10,0
185,1952,6,29,6/29/1952,11:00:00,3,FL,12,9,1,0,0,3,0,27.75,-82.65,0,0,0.1,10,0
186,1952,6,29,6/29/1952,16:30:00,3,OK,40,17,2,1,0,3,0,34.38,-99,0,0,0.1,10,0
187,1952,6,30,6/30/1952,18:05:00,3,TN,47,23,1,0,0,3,0,36.03,-86.77,0,0,0.3,10,0
188,1952,7,1,7/1/1952,14:00:00,3,ND,38,7,3,0,0,4,0,46.07,-96.95,0,0,0.5,10,0
189,1952,7,1,7/1/1952,17:30:00,3,ND,38,5,2,0,0,4,0,47.82,-103.55,47.8,-103.33,9.7,10,0
190,1952,7,1,7/1/1952,18:00:00,3,ND,38,6,4,26,1,5,0,47.05,-100.5,47.2,-99.5,48,150,0
191,1952,7,2,7/2/1952,16:00:00,3,MN,27,4,1,0,0,4,0,45.87,-96.18,45.82,-96.12,4.1,217,0
192,1952,7,2,7/2/1952,17:50:00,3,IA,19,5,1,0,0,0,0,43.4,-96.1,0,0,0.1,10,0
193,1952,7,6,7/6/1952,15:00:00,3,KS,20,13,1,0,0,0,0,39.83,-100.2,40,-100.13,11.9,10,0
194,1952,7,6,7/6/1952,16:30:00,3,KS,20,14,0,0,0,0,0,39.73,-101.98,0,0,0.1,10,1
195,1952,7,6,7/6/1952,17:00:00,3,KS,20,15,2,0,0,3,0,39.27,-101.85,0,0,0.1,10,0
196,1952,7,7,7/7/1952,13:30:00,3,OK,40,18,1,0,0,0,0,35.33,-97.83,35.37,-97.78,3.6,50,0
197,1952,7,9,7/9/1952,15:00:00,3,ND,38,8,2,0,0,3,0,47.92,-97.17,0,0,0.1,10,0
198,1952,7,12,7/12/1952,16:00:00,3,NE,31,7,1,0,0,0,0,41.17,-103,40.92,-102.58,27.6,10,0
199,1952,7,13,7/13/1952,13:00:00,3,OK,40,19,1,0,0,2,0,35.93,-97.73,0,0,1,10,0
200,1952,7,13,7/13/1952,15:00:00,3,OK,40,20,1,0,0,3,0,36.32,-95.7,0,0,0.1,10,0
201,1952,7,16,7/16/1952,14:18:00,3,AR,5,24,2,0,0,4,0,33.45,-93.97,33.47,-93.97,1.1,50,0
202,1952,7,16,7/16/1952,16:05:00,3,AR,5,25,2,0,0,0,0,33.45,-93.97,33.47,-93.97,1.1,50,0
203,1952,7,16,7/16/1952,17:30:00,3,OK,40,21,1,0,0,4,0,36.87,-100.88,0,0,0.1,30,0
204,1952,7,16,7/16/1952,19:00:00,3,MN,27,5,2,0,0,4,0,46.72,-96.53,46.83,-96.42,9.4,333,0
205,1952,7,17,7/17/1952,16:15:00,3,MO,29,7,1,0,0,4,0,38.97,-91.5,0,0,0.2,10,0
206,1952,7,17,7/17/1952,17:00:00,3,IL,17,4,1,0,0,3,0,41.1,-90.78,0,0,0.1,10,0
207,1952,7,19,7/19/1952,5:45:00,3,PA,42,5,2,0,0,3,0,41.93,-79.75,41.92,-79.63,5.6,27,0
208,1952,7,19,7/19/1952,17:30:00,3,MT,30,1,3,0,0,5,0,46.37,-104.28,46.37,-103.12,55.5,10,1
209,1952,7,19,7/19/1952,18:30:00,3,MT,30,2,3,2,1,5,0,46.97,-104.25,47.02,-103.88,16.4,10,0
210,1952,7,23,7/23/1952,11:00:00,3,NC,37,4,2,0,0,4,0,36.25,-77.75,0,0,0.1,10,0
213,1952,7,23,7/23/1952,12:30:00,3,PA,42,6,2,4,0,4,0,40.62,-77.57,0,0,0.1,10,0
211,1952,7,24,7/24/1952,19:00:00,3,ND,38,10,2,0,0,5,0,47,-98.67,47,-98.5,7.3,10,0
212,1952,7,27,7/27/1952,18:25:00,3,MN,27,6,2,4,0,4,0,43.72,-93.48,0,0,1.5,133,0
214,1952,7,29,7/29/1952,16:00:00,3,MS,28,6,1,0,0,4,0,31.62,-89.53,0,0,0.1,10,1
215,1952,8,3,8/3/1952,15:45:00,3,MS,28,7,2,0,0,4,0,34.37,-89.52,0,0,0.3,200,0
216,1952,8,7,8/7/1952,18:00:00,3,KS,20,16,3,0,0,0,0,39,-98.52,39.05,-98.45,4.7,10,0
217,1952,8,7,8/7/1952,22:00:00,3,KS,20,17,1,0,0,0,0,37.93,-99.42,0,0,0.1,10,0
218,1952,8,10,8/10/1952,9:04:00,3,NJ,34,2,1,0,0,4,0,40,-74.6,40.42,-74.07,39.3,100,0
219,1952,8,12,8/12/1952,16:15:00,3,TX,48,12,1,0,0,4,0,33.12,-98.6,0,0,0.7,50,0
220,1952,8,13,8/13/1952,17:30:00,3,NE,31,9,3,1,0,0,0,41.47,-97.28,41.25,-96.38,44.4,1300,0
221,1952,8,13,8/13/1952,19:00:00,3,NE,31,8,4,20,0,5,0,41.22,-96.58,40.93,-96.22,26.7,110,0
222,1952,8,14,8/14/1952,21:30:00,3,KS,20,18,2,0,0,4,0,38.68,-97.02,0,0,1.5,100,0
223,1952,8,15,8/15/1952,16:30:00,3,OK,40,22,2,0,0,4,0,35.8,-97.5,35.85,-97.43,5.1,77,0
224,1952,8,16,8/16/1952,14:45:00,3,FL,12,10,1,0,0,3,0,26.77,-80.22,0,0,0.2,17,0
225,1952,8,16,8/16/1952,18:15:00,3,PA,42,7,1,0,0,3,0,40.62,-76.72,0,0,0.5,30,0
226,1952,8,21,8/21/1952,0:20:00,3,MO,29,8,2,13,1,7,0,38.68,-93.27,38.7,-93.23,1.3,300,0
227,1952,8,27,8/27/1952,15:25:00,3,MN,27,7,1,0,0,4,0,45.58,-96.22,45.58,-95.93,13.3,10,0
228,1952,8,31,8/31/1952,11:00:00,3,NC,37,5,1,0,0,4,0,36.25,-80.17,0,0,0.1,10,0
229,1952,8,31,8/31/1952,21:30:00,3,VA,51,3,1,0,0,4,0,38.78,-77.15,0,0,2,100,0
230,1952,8,31,8/31/1952,22:00:00,3,MD,24,4,1,0,0,4,0,39.02,-77.22,39.03,-77.23,0.1,70,0
231,1952,9,17,9/17/1952,11:30:00,3,NC,37,6,3,0,0,4,0,35.95,-75.6,0,0,1,50,0
232,1952,11,14,11/14/1952,21:00:00,3,AZ,4,1,0,0,0,0,0,35.13,-112.57,0,0,0.2,200,1
233,1952,11,16,11/16/1952,16:00:00,3,MO,29,9,3,2,0,4,0,40.45,-95.07,40.57,-94.68,21.6,600,0
234,1952,11,17,11/17/1952,0:01:00,3,KS,20,19,1,0,0,0,0,39.67,-95.87,0,0,0.1,10,0
235,1952,11,17,11/17/1952,13:20:00,3,IA,19,6,0,0,0,0,0,41.55,-91.08,0,0,0.1,50,0
236,1952,11,17,11/17/1952,16:30:00,3,AR,5,26,2,2,0,4,0,34.57,-94.4,34.95,-93.9,39.2,100,0
237,1952,11,19,11/19/1952,22:37:00,3,NC,37,7,2,1,0,5,0,36.43,-78.72,0,0,1,50,0
238,1952,12,3,12/3/1952,18:15:00,3,TX,48,13,2,4,0,4,0,30.9,-95.3,30.95,-95.08,13.3,100,0
239,1952,12,9,12/9/1952,15:00:00,3,KY,21,2,3,3,0,0,0,37.68,-87.3,37.95,-86.73,35,880,0
240,1952,12,20,12/20/1952,14:00:00,3,CA,6,1,0,0,0,0,0,34.4,-118.53,0,0,0.1,10,1
1,1953,1,7,1/7/1953,20:15:00,3,AR,5,1,2,2,0,3,0,33.83,-92.17,33.87,-92.1,4.5,100,0
2,1953,1,8,1/8/1953,6:30:00,3,AL,1,1,1,0,0,4,0,32.62,-86.98,0,0,0.5,167,0
3,1953,1,8,1/8/1953,7:10:00,3,AL,1,2,2,0,0,3,0,33.42,-86.12,33.45,-86.08,3,867,0
4,1953,1,8,1/8/1953,16:15:00,3,SC,45,1,2,2,0,5,0,34.02,-79.77,34.12,-79.65,9.6,150,0
5,1953,1,9,1/9/1953,2:30:00,3,FL,12,1,1,0,0,4,0,28.57,-82.48,0,0,0.5,10,0
6,1953,1,9,1/9/1953,6:00:00,3,FL,12,2,2,12,0,4,0,27.83,-82.17,27.95,-82.1,9.2,100,0
7,1953,1,9,1/9/1953,6:15:00,3,FL,12,3,1,0,0,2,0,28.57,-81.75,0,0,0.1,10,0
8,1953,1,20,1/20/1953,15:00:00,3,AL,1,3,3,0,0,3,0,33.8,-87.23,0,0,1.5,50,0
9,1953,1,20,1/20/1953,16:30:00,3,AL,1,4,1,1,0,4,0,34.1,-86.5,0,0,0.1,10,1
10,1953,1,20,1/20/1953,17:41:00,3,TN,47,1,2,0,0,4,0,35.7,-85.85,0,0,0.5,500,0
11,1953,1,20,1/20/1953,19:00:00,3,GA,13,1,1,1,0,4,0,32.68,-84.9,0,0,0.4,33,0
12,1953,1,20,1/20/1953,20:30:00,3,GA,13,2,1,1,0,4,0,31.5,-83.55,31.53,-83.42,8.3,150,0
13,1953,1,22,1/22/1953,23:00:00,3,MS,28,1,2,1,0,5,0,31.55,-90.88,32.12,-90.5,45.2,100,0
14,1953,1,23,1/23/1953,5:00:00,3,AL,1,5,3,1,0,4,0,31.53,-88,31.57,-87.9,6.5,300,0
15,1953,2,6,2/6/1953,13:00:00,3,LA,22,1,3,21,2,6,0,30.48,-90.7,30.53,-90.45,15.6,400,0
16,1953,2,19,2/19/1953,15:00:00,3,TX,48,1,1,0,0,4,0,32.1,-94.6,0,0,0.1,10,1
17,1953,2,19,2/19/1953,17:30:00,3,TX,48,2,1,0,0,4,0,31.72,-94.83,0,0,0.1,10,1
18,1953,2,19,2/19/1953,19:40:00,3,OK,40,1,1,0,0,3,0,34.72,-97.62,0,0,1.3,17,0
19,1953,2,19,2/19/1953,21:00:00,3,OK,40,2,1,0,0,3,0,33.85,-97.03,0,0,0.5,10,0
20,1953,2,19,2/19/1953,21:15:00,3,OK,40,3,1,0,0,3,0,34.45,-96.97,34.5,-96.92,4.7,67,0
21,1953,2,19,2/19/1953,21:45:00,3,OK,40,4,1,0,0,2,0,34,-96.75,0,0,0.1,10,0
22,1953,2,20,2/20/1953,10:15:00,3,AR,5,2,1,0,0,3,0,34.77,-91.57,0,0,0.1,33,0
23,1953,2,20,2/20/1953,11:00:00,3,MS,28,2,2,2,0,4,0,33.03,-91.02,0,0,1,100,0
24,1953,2,20,2/20/1953,12:00:00,3,MS,28,3,1,0,0,4,0,33.52,-89.92,33.7,-89.73,16.5,100,0
25,1953,2,20,2/20/1953,12:00:00,3,MS,28,4,2,1,0,3,0,34.25,-89.05,34.35,-88.83,14.2,880,0
26,1953,2,20,2/20/1953,15:00:00,3,MS,28,5,1,0,0,3,0,34.03,-88.88,34.32,-88.73,21.3,100,0
27,1953,2,20,2/20/1953,16:10:00,3,AL,1,6,3,8,1,4,0,34.7,-87.7,0,0,0.1,20,0
28,1953,2,20,2/20/1953,16:30:00,3,AL,1,7,2,2,0,4,0,33.95,-87.8,0,0,0.5,300,0
29,1953,2,20,2/20/1953,16:45:00,3,AL,1,8,2,1,0,4,0,33.93,-87.37,0,0,0.7,100,0
30,1953,2,20,2/20/1953,19:00:00,3,AL,1,9,2,6,0,4,0,34.38,-87.07,34.42,-86.95,7.1,220,0
31,1953,3,12,3/12/1953,16:30:00,3,TX,48,3,2,2,0,4,0,32.17,-94.33,0,0,2,80,0
32,1953,3,13,3/13/1953,14:00:00,3,TX,48,4,4,25,17,6,0,33.28,-99.95,33.42,-99.78,13.9,50,0
33,1953,3,13,3/13/1953,17:15:00,3,OK,40,5,2,1,0,4,0,34.77,-97.95,35.07,-97.75,23.6,100,0
34,1953,3,13,3/13/1953,18:19:00,3,OK,40,6,3,8,1,5,0,34.88,-97.7,0,0,1,100,0
35,1953,3,13,3/13/1953,18:45:00,3,OK,40,7,2,2,0,5,0,35.07,-97.48,0,0,2,100,0
36,1953,3,13,3/13/1953,19:30:00,3,OK,40,8,2,0,0,3,0,35.18,-97.25,0,0,1.3,250,0
37,1953,3,13,3/13/1953,19:30:00,3,OK,40,9,3,11,2,4,0,33.92,-97.27,34.32,-96.65,45.3,200,0
38,1953,3,13,3/13/1953,22:00:00,3,OK,40,10,2,0,0,3,0,35,-94.53,0,0,0.1,100,0
39,1953,3,14,3/14/1953,0:30:00,3,AR,5,3,3,0,0,5,0,35.22,-93.95,35.55,-93.37,40.1,880,0
40,1953,3,14,3/14/1953,0:30:00,3,AR,5,4,2,0,0,5,0,35.88,-92.23,36.18,-91.7,36.2,333,0
41,1953,3,14,3/14/1953,1:30:00,3,AR,5,5,3,7,0,3,0,35.28,-93.28,35.4,-93.12,12.2,880,0
42,1953,3,14,3/14/1953,14:30:00,3,MS,28,6,2,0,1,4,0,34.67,-88.43,34.7,-88.4,3.3,10,0
43,1953,3,14,3/14/1953,17:00:00,3,MO,29,1,1,1,0,4,0,39.22,-90.75,0,0,0.2,10,0
44,1953,3,14,3/14/1953,17:45:00,3,TN,47,2,2,8,0,4,0,35.47,-89.45,35.67,-89.08,24.8,33,0
45,1953,3,14,3/14/1953,18:00:00,3,TN,47,3,2,2,0,4,0,35.37,-88.78,35.57,-88.43,24,100,0
46,1953,3,14,3/14/1953,18:30:00,3,TN,47,4,1,0,0,4,0,36.08,-89.38,0,0,0.2,10,0
47,1953,3,14,3/14/1953,19:00:00,3,TN,47,5,1,0,0,4,0,35.75,-89.53,0,0,0.2,10,0
48,1953,3,14,3/14/1953,19:30:00,3,TN,47,6,3,3,0,4,0,35.53,-88.97,35.75,-88.62,24.7,100,0
49,1953,3,14,3/14/1953,20:15:00,3,IL,17,1,2,0,0,5,0,38.4,-89.47,38.62,-88.73,42.3,200,0
50,1953,3,14,3/14/1953,21:15:00,3,TN,47,7,2,1,0,4,0,36.33,-88.77,0,0,0.3,600,0
51,1953,3,14,3/14/1953,22:00:00,3,IN,18,1,0,0,0,2,0,39.58,-87.47,0,0,0.1,100,0
52,1953,3,14,3/14/1953,22:00:00,3,IN,18,2,1,0,0,1,0,39.65,-87.18,0,0,0.1,100,0
53,1953,3,15,3/15/1953,20:00:00,3,NC,37,1,3,1,0,5,0,35.77,-78.1,35.75,-77.57,30.1,27,0
54,1953,3,18,3/18/1953,14:22:00,3,AL,1,10,2,2,0,3,0,30.7,-88.12,0,0,0.1,10,0
55,1953,3,18,3/18/1953,18:35:00,3,IN,18,3,2,0,0,4,0,41.03,-85.13,41.05,-85.07,1.9,33,0
56,1953,3,18,3/18/1953,19:00:00,3,IN,18,4,1,0,0,4,0,40.77,-84.92,40.73,-84.85,3.3,27,0
57,1953,3,21,3/21/1953,12:45:00,3,IA,19,1,1,2,0,3,0,42.23,-95.68,0,0,0.1,10,0
58,1953,3,21,3/21/1953,13:00:00,3,IA,19,2,1,0,0,4,0,42.05,-95.72,41.93,-95.87,10.9,600,0
59,1953,3,21,3/21/1953,14:00:00,3,MS,28,9,1,0,0,4,0,34.28,-90.65,34.38,-90.55,9,10,0
60,1953,3,21,3/21/1953,15:00:00,3,IA,19,3,3,0,0,5,0,43.27,-94.63,43.3,-94,31.8,400,0
61,1953,3,21,3/21/1953,16:43:00,3,MN,27,1,2,3,1,5,0,45.58,-94.08,0,0,0.1,10,0
62,1953,3,21,3/21/1953,17:00:00,3,IA,19,4,2,0,0,4,0,41.88,-92.62,42.05,-92.55,11.7,100,0
63,1953,3,22,3/22/1953,15:00:00,3,LA,22,2,2,22,2,6,0,31.1,-93.22,33.52,-90.87,234.7,200,0
64,1953,3,22,3/22/1953,15:00:00,3,MS,28,7,1,1,0,0,0,31.88,-89.95,32.57,-88.42,101.3,10,0
65,1953,3,22,3/22/1953,15:15:00,3,TN,47,8,2,0,0,5,0,35.93,-89.65,36.15,-89.18,30.1,100,0
66,1953,3,22,3/22/1953,19:00:00,3,AL,1,11,2,0,0,3,0,34.85,-87.62,0,0,1,200,0
67,1953,3,29,3/29/1953,19:25:00,3,OK,40,11,1,0,0,3,0,34.58,-98.42,0,0,1,100,0
68,1953,3,30,3/30/1953,14:30:00,3,KS,20,1,0,0,0,0,0,37.03,-97.78,37.27,-97.75,16.1,10,0
69,1953,3,31,3/31/1953,16:00:00,3,MO,29,2,1,0,0,3,0,38.37,-94.28,0,0,0.2,10,0
70,1953,3,31,3/31/1953,16:30:00,3,MO,29,3,1,0,0,3,0,38.47,-94,38.48,-93.95,3,10,0
71,1953,4,2,4/2/1953,21:58:00,3,OK,40,12,0,0,0,0,0,34.92,-97.67,0,0,0.1,10,0
72,1953,4,4,4/4/1953,15:03:00,3,MS,28,10,2,0,0,4,0,30.85,-89.13,0,0,0.1,100,0
73,1953,4,6,4/6/1953,11:00:00,3,FL,12,4,2,0,0,2,0,30.17,-85.7,0,0,0.1,10,0
74,1953,4,6,4/6/1953,15:45:00,3,AL,1,12,3,12,0,3,0,33.32,-87,0,0,0.5,37,0
75,1953,4,9,4/9/1953,16:00:00,3,KS,20,2,1,0,0,0,0,38.5,-100.48,0,0,0.4,70,0
76,1953,4,9,4/9/1953,16:15:00,3,IL,17,2,2,3,0,4,0,40.12,-89.45,40.18,-89.35,6.5,30,0
77,1953,4,9,4/9/1953,17:15:00,3,IL,17,3,3,22,3,7,0,40.18,-88.22,40.32,-85.23,156.7,750,0
78,1953,4,12,4/12/1953,3:40:00,3,AL,1,13,1,0,0,4,0,33.85,-86.77,0,0,0.5,100,0
79,1953,4,12,4/12/1953,7:00:00,3,FL,12,5,2,0,0,3,0,30.37,-85.45,0,0,0.1,10,0
80,1953,4,13,4/13/1953,7:45:00,3,FL,12,6,1,1,0,3,0,27.38,-80.33,0,0,2,10,0
81,1953,4,14,4/14/1953,14:30:00,3,MS,28,11,1,0,0,4,0,33.73,-88.77,0,0,0.1,10,1
82,1953,4,14,4/14/1953,18:50:00,3,OK,40,13,2,0,0,5,0,35.5,-97.83,35.3,-97.68,16.2,440,0
83,1953,4,14,4/14/1953,23:00:00,3,OK,40,14,2,0,0,3,0,34.37,-96.2,0,0,0.3,23,0
84,1953,4,15,4/15/1953,17:00:00,3,OH,39,1,1,0,0,4,0,39,-84.18,0,0,2,33,0
85,1953,4,15,4/15/1953,18:30:00,3,TN,47,9,1,8,0,4,0,35.58,-89.28,0,0,0.5,200,0
86,1953,4,15,4/15/1953,18:45:00,3,TN,47,10,1,1,0,4,0,35.67,-88.38,0,0,1,300,0
87,1953,4,15,4/15/1953,18:45:00,3,TN,47,11,1,2,0,5,0,35.62,-88.83,0,0,1.5,300,0
88,1953,4,15,4/15/1953,19:00:00,3,TN,47,12,1,1,0,4,0,36.33,-88.75,0,0,0.5,150,0
89,1953,4,16,4/16/1953,11:00:00,3,NC,37,2,2,0,0,4,0,35.57,-77.18,0,0,2,100,0
90,1953,4,18,4/18/1953,17:00:00,3,AL,1,14,3,495,8,7,0,32.6,-85.58,32.48,-84.92,39.8,400,0
91,1953,4,18,4/18/1953,17:30:00,3,GA,13,4,2,1,0,5,0,32.3,-84.02,0,0,1,200,0
92,1953,4,18,4/18/1953,17:45:00,3,GA,13,5,2,2,0,5,0,32.32,-84.52,0,0,0.2,700,0
93,1953,4,23,4/23/1953,15:31:00,3,OK,40,15,2,4,1,4,0,35.37,-96.08,0,0,1.5,300,0
94,1953,4,23,4/23/1953,19:00:00,3,AR,5,6,3,0,0,3,0,35.48,-94.22,0,0,0.1,880,0
95,1953,4,23,4/23/1953,20:00:00,3,OK,40,16,2,1,0,5,0,33.9,-94.83,0,0,1,200,0
96,1953,4,23,4/23/1953,20:10:00,3,OK,40,17,1,0,0,3,0,33.95,-95.08,0,0,0.1,10,0
97,1953,4,23,4/23/1953,20:30:00,3,OK,40,18,2,14,1,1,0,34.03,-94.57,0,0,0.8,17,0
98,1953,4,24,4/24/1953,4:00:00,3,AR,5,7,2,0,0,4,0,33.42,-94,0,0,1,100,0
99,1953,4,24,4/24/1953,14:00:00,3,MS,28,12,2,0,0,4,0,31.72,-91.07,32.58,-89.77,96.7,30,0
100,1953,4,24,4/24/1953,17:00:00,3,IA,19,5,1,0,0,0,0,41.83,-91.95,0,0,0.1,10,0
101,1953,4,27,4/27/1953,15:15:00,3,CA,6,1,2,0,0,3,0,37.65,-121,0,0,0.1,10,0
102,1953,4,28,4/28/1953,15:00:00,3,OK,40,19,0,0,0,0,0,36.45,-99.38,0,0,0.1,27,0
103,1953,4,28,4/28/1953,16:15:00,3,OK,40,20,1,0,0,2,0,34.45,-95.3,0,0,0.1,100,0
104,1953,4,28,4/28/1953,16:30:00,3,NE,31,1,0,0,0,3,0,41.73,-98.93,0,0,0.9,30,0
105,1953,4,28,4/28/1953,18:15:00,3,TX,48,5,3,3,0,4,0,30,-97.17,0,0,0.5,200,0
106,1953,4,28,4/28/1953,19:00:00,3,NE,31,2,1,0,0,2,0,40.88,-97.75,0,0,0.1,10,1
107,1953,4,28,4/28/1953,20:45:00,3,TX,48,7,3,5,1,5,0,29.55,-98.53,29.58,-98.47,4.9,200,0
108,1953,4,28,4/28/1953,21:00:00,3,TX,48,6,4,15,2,0,0,29.57,-98.7,0,0,1,1760,0
109,1953,4,29,4/29/1953,12:30:00,3,LA,22,3,2,0,0,3,0,32.48,-92.53,32.62,-92.42,11.5,200,0
110,1953,4,30,4/30/1953,14:00:00,3,GA,13,6,2,3,0,4,0,32.33,-84.5,0,0,0.3,20,0
111,1953,4,30,4/30/1953,16:00:00,3,GA,13,7,1,5,0,4,0,32.52,-83.88,0,0,1,100,0
112,1953,4,30,4/30/1953,16:13:00,3,GA,13,8,4,300,18,7,0,32.6,-83.6,0,0,1,333,0
113,1953,4,30,4/30/1953,16:30:00,3,GA,13,9,2,3,1,4,0,32.78,-83.5,0,0,0.5,10,0
114,1953,4,30,4/30/1953,16:30:00,3,GA,13,10,3,2,1,5,0,32.7,-83.35,0,0,2,10,0
115,1953,4,30,4/30/1953,17:40:00,3,GA,13,11,2,0,0,5,0,32.63,-83.7,32.67,-83.62,5.6,200,0
116,1953,4,30,4/30/1953,17:45:00,3,VA,51,1,0,0,0,3,0,36.7,-81.98,0,0,1,220,0
117,1953,4,30,4/30/1953,18:00:00,3,NC,37,3,1,0,0,4,0,35,-77.67,0,0,0.1,10,0
118,1953,5,1,5/1/1953,17:15:00,3,AL,1,15,2,2,0,4,0,33.03,-86.75,0,0,1.5,100,0
119,1953,5,1,5/1/1953,19:30:00,3,AL,1,16,4,12,7,5,0,33.22,-85.93,33.3,-85.75,12.1,440,0
120,1953,5,1,5/1/1953,20:00:00,3,AL,1,17,1,0,0,3,0,33.62,-86.62,0,0,0.1,10,1
121,1953,5,1,5/1/1953,20:00:00,3,AL,1,18,4,3,2,4,0,32.25,-88.38,0,0,0.1,100,0
122,1953,5,2,5/2/1953,2:15:00,3,TN,47,13,2,0,0,3,0,36.03,-84.07,0,0,0.8,100,0
123,1953,5,2,5/2/1953,3:00:00,3,TN,47,14,4,8,4,5,0,35.52,-84.78,35.53,-84.72,4.2,33,0
124,1953,5,2,5/2/1953,15:00:00,3,LA,22,4,1,0,0,5,0,29.92,-91,0,0,1,100,0
125,1953,5,2,5/2/1953,18:45:00,3,VA,51,2,2,0,0,4,0,36.62,-77.63,0,0,2,100,0
126,1953,5,4,5/4/1953,10:30:00,3,MS,28,13,2,1,0,4,0,31.83,-89.43,0,0,1.5,200,0
127,1953,5,4,5/4/1953,11:15:00,3,MS,28,14,2,0,0,4,0,34.92,-88.52,34.98,-88.38,8.8,20,0
128,1953,5,4,5/4/1953,12:00:00,3,MS,28,15,1,0,0,4,0,30.85,-89.13,30.9,-89.05,6.2,100,0
129,1953,5,4,5/4/1953,15:00:00,3,MS,28,16,2,2,0,4,0,33.12,-88.57,33.22,-88.45,9.6,100,0
130,1953,5,4,5/4/1953,18:30:00,3,AL,1,19,1,2,0,3,0,33.92,-87.82,0,0,0.2,67,0
131,1953,5,4,5/4/1953,19:00:00,3,AL,1,20,0,0,0,4,0,33.4,-86.97,0,0,0.1,10,0
132,1953,5,9,5/9/1953,18:05:00,3,SD,46,1,1,0,0,4,0,44.38,-98.23,44.42,-98.2,1.9,440,0
133,1953,5,9,5/9/1953,19:00:00,3,SD,46,2,1,0,0,4,0,44.57,-97.52,44.67,-97.47,6.8,97,0
134,1953,5,9,5/9/1953,21:00:00,3,NE,31,3,1,0,0,4,0,42.3,-97.47,0,0,1.5,10,1
135,1953,5,9,5/9/1953,21:10:00,3,KS,20,3,3,0,0,4,0,39.8,-97.9,39.98,-97.8,13.5,10,0
136,1953,5,9,5/9/1953,21:45:00,3,NE,31,4,3,82,5,6,0,40.25,-97.57,40.77,-97.05,46.9,880,0
137,1953,5,9,5/9/1953,23:00:00,3,NE,31,5,2,0,0,3,0,40.97,-99.47,0,0,1.5,10,0
138,1953,5,10,5/10/1953,1:00:00,3,OK,40,21,1,0,0,3,0,34.88,-99.85,34.92,-99.8,3.6,440,0
139,1953,5,10,5/10/1953,1:10:00,3,NE,31,6,1,0,0,3,0,40.93,-97.28,0,0,0.1,10,1
140,1953,5,10,5/10/1953,1:15:00,3,OK,40,22,1,0,0,3,0,34.75,-99.65,0,0,0.1,17,0
141,1953,5,10,5/10/1953,1:15:00,3,OK,40,23,1,0,0,3,0,34.85,-99.53,0,0,0.1,17,0
142,1953,5,10,5/10/1953,1:20:00,3,OK,40,24,1,0,0,2,0,35.78,-98.75,0,0,0.1,10,0
143,1953,5,10,5/10/1953,2:00:00,3,KS,20,5,1,0,0,4,0,37.87,-97.6,37.38,-97.12,42.5,10,0
144,1953,5,10,5/10/1953,3:00:00,3,OK,40,25,2,0,0,4,0,36.98,-97.62,37.38,-97.12,38.8,10,0
145,1953,5,10,5/10/1953,4:00:00,3,KS,20,6,3,0,0,4,0,38.35,-96.67,38.93,-96.05,52.2,10,0
146,1953,5,10,5/10/1953,4:30:00,3,KS,20,7,1,0,0,0,0,37.33,-96.67,37.43,-96.63,6.9,440,0
147,1953,5,10,5/10/1953,5:30:00,3,KS,20,8,1,0,0,2,0,37.9,-95.4,0,0,0.5,200,0
148,1953,5,10,5/10/1953,6:00:00,3,NE,31,7,1,0,0,3,0,40.18,-95.93,40.05,-95.87,9.7,10,0
149,1953,5,10,5/10/1953,12:10:00,3,AR,5,8,2,0,0,0,0,35.27,-93.17,35.28,-93.13,2.3,200,0
150,1953,5,10,5/10/1953,13:30:00,3,NE,31,8,0,0,0,3,0,40.63,-95.87,0,0,0.1,33,0
151,1953,5,10,5/10/1953,14:00:00,3,MO,29,4,1,0,0,4,0,37.55,-91.92,0,0,0.2,10,0
152,1953,5,10,5/10/1953,15:15:00,3,IA,19,6,4,0,0,4,0,40.87,-93.33,40.93,-93.23,6.4,10,0
153,1953,5,10,5/10/1953,15:55:00,3,MN,27,2,2,0,0,5,0,45.42,-95.75,45.67,-95.73,17,440,0
154,1953,5,10,5/10/1953,16:10:00,3,IA,19,7,4,3,0,5,0,43.07,-93.52,43.45,-93.38,26.6,10,0
155,1953,5,10,5/10/1953,16:30:00,3,IA,19,8,2,0,0,4,0,41.88,-92.45,0,0,0.1,10,0
156,1953,5,10,5/10/1953,17:00:00,3,MN,27,3,2,3,6,3,0,43.75,-93.2,43.8,-93.07,6.9,67,0
157,1953,5,10,5/10/1953,17:30:00,3,IA,19,9,4,24,2,0,0,43.45,-92.4,45.5,-90.42,162,100,0
158,1953,5,10,5/10/1953,18:00:00,3,IA,19,10,3,0,0,5,0,42.95,-91.33,43.05,-91.28,6.6,400,0
159,1953,5,10,5/10/1953,18:30:00,3,WI,55,1,2,27,4,6,0,44.83,-92.67,46.25,-91.75,105.7,100,0
160,1953,5,11,5/11/1953,14:15:00,3,TX,48,8,4,159,13,6,0,31.53,-100.58,31.53,-100.42,9.9,880,0
161,1953,5,11,5/11/1953,15:00:00,3,OK,40,26,1,0,0,0,0,34.93,-95.8,0,0,0.1,10,0
162,1953,5,11,5/11/1953,16:10:00,3,TX,48,9,5,597,114,7,0,31.55,-97.15,31.75,-96.88,20.9,583,0
163,1953,5,11,5/11/1953,16:30:00,3,OK,40,27,1,0,0,2,0,34.67,-97.15,0,0,2,33,0
164,1953,5,11,5/11/1953,18:30:00,3,TX,48,10,2,0,0,4,0,31.32,-96.22,31.37,-96.07,9.5,267,0
165,1953,5,14,5/14/1953,12:00:00,3,TN,47,15,1,0,0,3,0,35.08,-86.58,0,0,0.1,10,0
166,1953,5,14,5/14/1953,13:30:00,3,MS,28,17,2,1,0,0,0,33.6,-88.62,33.82,-88.43,18.7,10,0
167,1953,5,16,5/16/1953,3:30:00,3,LA,22,5,2,3,0,5,0,30.4,-92.23,30.57,-91.93,21.7,150,0
168,1953,5,16,5/16/1953,14:30:00,3,TX,48,11,3,8,1,0,0,31.23,-95.57,31.25,-95.65,5.2,10,0
169,1953,5,16,5/16/1953,15:30:00,3,KS,20,9,1,0,0,3,0,38.53,-96.87,0,0,2.5,220,0
170,1953,5,16,5/16/1953,18:00:00,3,LA,22,6,0,0,0,4,0,32.43,-94,0,0,2,50,0
171,1953,5,16,5/16/1953,18:30:00,3,LA,22,7,2,0,0,5,0,31.98,-93,32.1,-92.53,28.5,200,0
172,1953,5,16,5/16/1953,20:00:00,3,LA,22,8,2,2,0,5,0,32.3,-92.75,32.3,-92.37,22.5,100,0
173,1953,5,17,5/17/1953,13:30:00,3,VA,51,3,1,0,0,3,0,38.87,-77.85,38.87,-77.73,5.9,10,0
174,1953,5,17,5/17/1953,13:30:00,3,LA,22,9,3,17,0,5,0,32.47,-91.75,32.75,-91.13,41.6,100,0
175,1953,5,17,5/17/1953,14:35:00,3,NE,31,9,0,0,0,0,0,42.53,-101.97,42.6,-101.92,4.5,10,1
176,1953,5,17,5/17/1953,15:00:00,3,MI,26,1,2,0,0,3,0,41.78,-85.77,41.85,-85.67,6.4,10,0
177,1953,5,17,5/17/1953,16:30:00,3,VA,51,4,2,0,0,4,0,37.2,-80,0,0,1,880,0
178,1953,5,18,5/18/1953,12:00:00,3,LA,22,10,2,1,0,4,0,30.75,-92.8,0,0,0.5,33,0
179,1953,5,18,5/18/1953,13:30:00,3,LA,22,11,1,0,0,4,0,30.9,-90.8,0,0,2,67,0
180,1953,5,18,5/18/1953,15:00:00,3,TX,48,12,0,0,0,0,0,31.8,-95.4,0,0,0.1,10,1
181,1953,5,18,5/18/1953,20:30:00,3,OK,40,28,1,0,0,0,0,34.15,-97.13,0,0,0.1,10,0
182,1953,5,19,5/19/1953,15:30:00,3,CA,6,2,2,0,0,3,0,39.75,-122.18,0,0,2,10,0
183,1953,5,19,5/19/1953,18:30:00,3,FL,12,7,0,0,0,3,0,30.38,-87.25,0,0,0.1,17,0
184,1953,5,20,5/20/1953,21:00:00,3,IA,19,11,3,0,1,0,0,42.15,-93.7,43.43,-92.32,116.1,400,0
185,1953,5,20,5/20/1953,22:10:00,3,IA,19,12,3,7,0,0,0,41.98,-91.57,42.08,-91.02,38.6,400,0
186,1953,5,21,5/21/1953,15:21:00,3,MI,26,2,4,68,2,6,0,42.92,-82.6,42.98,-82.42,10,1760,0
187,1953,5,23,5/23/1953,10:10:00,3,PA,42,1,1,0,0,3,0,40.65,-76.53,0,0,0.5,27,0
188,1953,5,24,5/24/1953,6:45:00,3,IA,19,13,1,0,0,0,0,41.6,-92.1,0,0,0.1,500,0
189,1953,5,24,5/24/1953,17:00:00,3,MT,30,1,3,0,0,4,0,46.98,-104.18,47.1,-104.07,9.3,400,1
190,1953,5,26,5/26/1953,14:30:00,3,MD,24,1,1,0,0,3,0,38.77,-76.9,0,0,1,200,0
191,1953,5,26,5/26/1953,23:30:00,3,NE,31,10,1,0,0,3,0,40.6,-99.1,0,0,0.1,10,0
192,1953,5,27,5/27/1953,17:00:00,3,KS,20,11,1,0,0,0,0,39.58,-100.48,0,0,0.1,10,0
193,1953,5,27,5/27/1953,17:00:00,3,KS,20,12,2,0,0,0,0,37.17,-101.3,0,0,0.1,10,0
194,1953,5,27,5/27/1953,19:53:00,3,KS,20,10,1,0,0,4,0,39.82,-100.73,0,0,0.1,10,0
195,1953,5,28,5/28/1953,20:00:00,3,WY,56,1,2,0,0,3,0,43.85,-104.32,44.38,-104.1,38.2,433,0
196,1953,5,28,5/28/1953,20:00:00,3,SD,46,3,0,0,0,2,0,43.93,-104.05,44.12,-103.72,20.6,10,0
197,1953,5,28,5/28/1953,20:40:00,3,KS,20,13,1,0,0,4,0,37.03,-100.95,0,0,0.1,50,0
198,1953,5,29,5/29/1953,14:00:00,3,WY,56,2,1,0,0,0,0,44.75,-106.17,0,0,0.2,10,0
199,1953,5,29,5/29/1953,15:00:00,3,KS,20,14,2,0,0,0,0,37.48,-99.92,0,0,0.1,10,0
200,1953,5,29,5/29/1953,15:45:00,3,SD,46,4,2,2,0,5,0,45.82,-100.82,0,0,0.5,33,0
201,1953,5,29,5/29/1953,17:00:00,3,ND,38,2,5,20,2,5,0,46.45,-100.67,46.63,-100.47,14.8,600,0
202,1953,5,29,5/29/1953,18:00:00,3,ND,38,1,2,0,0,3,0,46.2,-97.13,0,0,0.1,10,0
203,1953,5,29,5/29/1953,21:00:00,3,SD,46,5,1,0,0,4,0,45.17,-98.12,0,0,0.1,10,0
204,1953,5,29,5/29/1953,21:30:00,3,SD,46,6,2,0,0,4,0,44.65,-97.62,44.68,-97.57,1.9,10,0
205,1953,5,29,5/29/1953,21:30:00,3,NE,31,11,1,0,0,0,0,41.05,-98.22,0,0,0.1,10,0
206,1953,5,29,5/29/1953,23:00:00,3,ND,38,3,2,0,0,4,0,47.15,-96.93,47.2,-96.87,3.6,100,0
208,1953,5,30,5/30/1953,15:00:00,3,ND,38,5,0,0,0,0,0,46.83,-98.67,0,0,0.1,20,1
207,1953,5,30,5/30/1953,15:00:00,3,ND,38,4,2,0,0,4,0,46.67,-98.68,46.7,-98.57,5.4,10,0
209,1953,5,30,5/30/1953,20:00:00,3,PA,42,2,2,0,0,4,0,40.4,-79.2,40.4,-79.13,1.9,10,0
210,1953,5,31,5/31/1953,16:30:00,3,SC,45,2,1,0,0,3,0,32.95,-80.47,32.97,-80.4,4.3,200,1
211,1953,5,31,5/31/1953,21:00:00,3,TX,48,13,1,0,0,0,0,34.5,-101.8,0,0,0.1,10,0
212,1953,6,1,6/1/1953,15:30:00,3,SC,45,3,1,0,0,4,0,33.5,-81.03,33.52,-80.98,3,67,0
213,1953,6,2,6/2/1953,16:00:00,3,NE,31,12,2,0,0,0,0,42.45,-102.2,42.93,-100.77,80,10,0
214,1953,6,2,6/2/1953,16:40:00,3,NE,31,13,2,0,0,3,0,41.85,-101.52,41.92,-101.23,15,10,1
215,1953,6,2,6/2/1953,18:00:00,3,SD,46,7,2,0,0,4,0,45,-101.23,45.02,-101.1,5.9,10,0
216,1953,6,4,6/4/1953,15:00:00,3,FL,12,8,1,0,0,1,0,24.55,-81.77,0,0,0.1,10,0
217,1953,6,5,6/5/1953,8:45:00,3,FL,12,9,0,0,0,1,0,27.82,-82.7,0,0,0.1,10,0
218,1953,6,5,6/5/1953,10:00:00,3,UT,49,1,0,0,0,0,0,41,-111.88,40.93,-111.75,8,147,0
219,1953,6,5,6/5/1953,13:30:00,3,TX,48,14,0,0,0,0,0,34.85,-100.22,0,0,0.1,10,0
220,1953,6,5,6/5/1953,15:05:00,3,MI,26,3,0,0,0,2,0,42.37,-83.42,0,0,1,50,0
221,1953,6,5,6/5/1953,15:30:00,3,OK,40,29,1,0,0,1,0,36.1,-98.58,0,0,0.4,100,0
222,1953,6,5,6/5/1953,16:00:00,3,OK,40,31,0,0,0,0,0,34.82,-99.92,0,0,0.1,27,0
223,1953,6,5,6/5/1953,16:15:00,3,OK,40,30,0,0,0,0,0,35.08,-98.75,0,0,0.1,250,0
225,1953,6,5,6/5/1953,17:00:00,3,KS,20,15,0,0,0,0,0,37.02,-94.73,0,0,0.1,10,1
224,1953,6,5,6/5/1953,17:00:00,3,MI,26,4,2,0,0,4,0,43.37,-83.87,43.43,-83.78,5.6,10,0
226,1953,6,5,6/5/1953,19:15:00,3,NE,31,14,3,0,0,4,0,40.18,-101.67,40.3,-101.55,9.8,10,1
227,1953,6,5,6/5/1953,20:20:00,3,OK,40,32,1,0,0,3,0,36.83,-95.9,0,0,2,50,0
228,1953,6,5,6/5/1953,21:15:00,3,OK,40,33,3,0,0,4,0,34.63,-97.17,34.47,-96.95,16.9,10,0
229,1953,6,5,6/5/1953,21:45:00,3,OK,40,34,2,0,0,4,0,34.67,-96.75,0,0,0.1,10,0
230,1953,6,6,6/6/1953,14:15:00,3,ME,23,1,1,1,0,2,0,45.05,-69.3,0,0,0.2,33,0
231,1953,6,6,6/6/1953,22:00:00,3,OK,40,35,0,0,0,2,0,35.67,-99.6,0,0,0.1,10,0
232,1953,6,7,6/7/1953,13:00:00,3,KS,20,16,1,0,0,4,0,39.35,-100.05,0,0,0.1,10,0
233,1953,6,7,6/7/1953,13:00:00,3,KS,20,17,2,0,0,4,0,39.35,-99.85,0,0,0.1,10,0
234,1953,6,7,6/7/1953,13:00:00,3,KS,20,18,0,0,0,4,0,39.53,-99.83,39.57,-99.63,10.9,10,0
235,1953,6,7,6/7/1953,14:00:00,3,CO,8,1,1,0,0,3,0,40.98,-102.28,0,0,0.1,10,0
236,1953,6,7,6/7/1953,14:00:00,3,CO,8,2,1,0,0,0,0,41,-102.27,0,0,0.1,10,0
237,1953,6,7,6/7/1953,14:30:00,3,NE,31,15,2,0,0,5,0,41.23,-99.27,41.33,-99.17,6.6,100,0
239,1953,6,7,6/7/1953,15:00:00,3,NE,31,16,2,0,0,4,0,40.78,-98.17,40.87,-98.25,6.6,10,0
240,1953,6,7,6/7/1953,15:00:00,3,NE,31,17,0,0,0,3,0,40.83,-98.22,40.88,-98.15,4.1,10,0
241,1953,6,7,6/7/1953,15:00:00,3,NE,31,18,1,2,0,4,0,41.2,-97.28,41.42,-96.95,22.7,10,0
242,1953,6,7,6/7/1953,15:15:00,3,NE,31,19,4,0,11,5,0,41.33,-99.13,41.57,-99.05,15,440,0
244,1953,6,7,6/7/1953,16:00:00,3,CO,8,4,0,0,0,0,0,41,-102.3,0,0,0.1,10,1
238,1953,6,7,6/7/1953,16:00:00,3,CO,8,5,0,0,0,0,0,40.98,-102.28,0,0,0.1,10,1
243,1953,6,7,6/7/1953,16:00:00,3,CO,8,3,0,0,0,0,0,40.97,-102.3,0,0,0.1,10,0
245,1953,6,7,6/7/1953,16:00:00,3,NE,31,21,2,1,0,4,0,41.47,-98.63,41.68,-98.37,20.1,10,0
246,1953,6,7,6/7/1953,16:00:00,3,NE,31,29,2,2,0,5,0,41.35,-97.07,41.42,-96.95,6.9,10,0
247,1953,6,7,6/7/1953,16:15:00,3,NE,31,20,3,1,0,5,0,41.7,-98.02,41.82,-98.02,8,250,0
248,1953,6,7,6/7/1953,16:30:00,3,NE,31,23,0,0,0,4,0,40.3,-98.85,0,0,9,33,0
249,1953,6,7,6/7/1953,17:00:00,3,NE,31,22,1,0,0,3,0,40.1,-98.85,40.32,-98.9,15,33,0
250,1953,6,7,6/7/1953,17:00:00,3,NE,31,25,2,0,0,0,0,41.95,-97.67,42.17,-97.52,16.6,10,0
251,1953,6,7,6/7/1953,17:00:00,3,NE,31,26,2,6,0,4,0,42.13,-97.6,42.42,-97.12,31,10,0
252,1953,6,7,6/7/1953,17:10:00,3,NE,31,24,1,0,0,2,0,42.28,-97.78,42.32,-97.62,8.2,10,0
253,1953,6,7,6/7/1953,17:40:00,3,NE,31,27,0,1,0,3,0,42.45,-96.87,0,0,1.5,10,0
254,1953,6,7,6/7/1953,17:45:00,3,SD,46,8,0,0,0,0,0,43.85,-98.02,0,0,1.5,10,0
255,1953,6,7,6/7/1953,18:15:00,3,IA,19,14,2,0,0,0,0,42.75,-96.6,42.87,-96.43,11.3,200,0
256,1953,6,7,6/7/1953,18:45:00,3,NE,31,30,2,1,0,4,0,41.55,-96.25,41.57,-96.17,4.1,10,0
257,1953,6,7,6/7/1953,19:00:00,3,MT,30,2,0,0,0,0,0,47.28,-112.17,0,0,0.1,10,1
258,1953,6,7,6/7/1953,19:00:00,3,MN,27,5,1,0,0,4,0,43.75,-94.68,43.98,-94.47,19.1,10,0
259,1953,6,7,6/7/1953,19:00:00,3,NE,31,28,0,5,0,0,0,41.6,-96.55,0,0,1,10,0
260,1953,6,7,6/7/1953,19:30:00,3,IA,19,15,2,0,0,0,0,42.37,-95.48,43.22,-94.38,49.2,833,0
261,1953,6,7,6/7/1953,21:00:00,3,IA,19,16,2,0,0,0,0,42.3,-94.3,42.87,-93.75,49,200,0
262,1953,6,7,6/7/1953,21:15:00,3,IA,19,17,3,0,0,0,0,42.55,-94.7,42.85,-94.25,30.7,200,0
263,1953,6,7,6/7/1953,21:15:00,3,IA,19,19,2,0,0,0,0,41.42,-93.92,41.87,-91.75,116,200,0
264,1953,6,7,6/7/1953,21:30:00,3,IA,19,18,1,0,0,0,0,42.17,-94.07,42.18,-94,2.3,100,0
265,1953,6,7,6/7/1953,22:45:00,3,KS,20,19,0,0,0,4,0,38.55,-97.15,38.67,-96.97,12.6,10,0
268,1953,6,8,6/8/1953,16:00:00,3,NE,31,33,0,0,0,0,0,41.07,-102.05,0,0,0.1,10,1
267,1953,6,8,6/8/1953,16:00:00,3,NE,31,32,0,0,0,0,0,41.08,-102.08,0,0,0.1,10,1
266,1953,6,8,6/8/1953,16:00:00,3,NE,31,31,1,0,0,2,0,41.07,-102.1,0,0,0.1,83,1
269,1953,6,8,6/8/1953,17:15:00,3,MI,26,5,4,18,4,5,0,41.78,-83.57,41.78,-83.45,5.4,200,0
270,1953,6,8,6/8/1953,18:00:00,3,OH,39,2,4,379,17,0,0,41.22,-83.9,41.5,-81.72,118,100,0
271,1953,6,8,6/8/1953,18:30:00,3,MI,26,6,3,5,1,4,0,42.2,-84,42.25,-83.78,11.3,70,0
272,1953,6,8,6/8/1953,18:30:00,3,MI,26,7,3,11,0,6,0,42.58,-83.7,42.6,-83.68,9.1,200,0
273,1953,6,8,6/8/1953,18:40:00,3,MI,26,9,2,13,4,5,0,44.33,-83.63,44.45,-83.33,16.6,833,0
274,1953,6,8,6/8/1953,19:08:00,3,MI,26,8,3,0,0,5,0,44.82,-83.47,0,0,1.8,100,0
275,1953,6,8,6/8/1953,19:30:00,3,MI,26,10,5,844,116,7,0,43.1,-83.85,43.17,-83.42,18.9,833,0
276,1953,6,8,6/8/1953,21:00:00,3,MI,26,11,0,0,0,0,0,43.88,-83.33,0,0,0.1,10,1
277,1953,6,8,6/8/1953,21:30:00,3,MI,26,12,4,23,0,5,0,43.15,-83.18,43.13,-82.5,33.8,833,0
278,1953,6,9,6/9/1953,14:25:00,3,MA,25,1,4,1228,94,8,0,42.47,-72.17,42.3,-71.52,34.9,900,0
279,1953,6,9,6/9/1953,15:20:00,3,NH,33,1,3,5,0,4,0,42.97,-70.97,0,0,1.5,100,0
280,1953,6,9,6/9/1953,15:30:00,3,MA,25,2,3,17,0,6,0,42.17,-71.77,42.05,-71.2,28,667,0
281,1953,6,9,6/9/1953,16:00:00,3,NH,33,2,1,0,0,2,0,43.23,-70.83,0,0,1,40,0
282,1953,6,10,6/10/1953,14:00:00,3,VA,51,5,1,0,0,3,0,36.72,-82.3,0,0,0.1,10,0
283,1953,6,11,6/11/1953,16:00:00,3,WY,56,3,1,0,0,3,0,42.75,-104.83,42.75,-104.68,7.2,67,0
284,1953,6,12,6/12/1953,18:00:00,3,WY,56,4,2,0,0,3,0,43.87,-105.27,0,0,2,33,0
285,1953,6,13,6/13/1953,11:45:00,3,OH,39,3,2,0,0,4,0,39.73,-84.63,0,0,0.1,10,0
286,1953,6,13,6/13/1953,14:40:00,3,VA,51,6,1,0,0,3,0,36.58,-79.4,36.58,-79.32,4.5,10,0
287,1953,6,13,6/13/1953,16:20:00,3,ND,38,6,2,0,0,3,0,48.17,-103.38,0,0,0.1,10,0
288,1953,6,13,6/13/1953,17:00:00,3,ND,38,7,0,0,0,0,0,48.67,-101.5,0,0,0.1,10,1
289,1953,6,13,6/13/1953,21:00:00,3,IN,18,6,1,0,0,2,0,40.42,-86.88,0,0,0.1,10,0
290,1953,6,14,6/14/1953,16:00:00,3,SD,46,9,2,0,0,4,0,43.47,-101.5,43.83,-101.27,27.7,440,0
291,1953,6,15,6/15/1953,16:00:00,3,SD,46,10,2,0,0,3,0,45.5,-97.98,45.58,-97.87,7.6,10,0
