{
  "profile": {
    "uuid": "b50b5d58-dd4a-40a8-b812-da5a859293bc",
    "metadata": {
      "oscal-version": "1.0.4",
      "title": "FedRAMP",
      "last-modified": "2023-04-04T20:19:52.024Z",
      "version": "Final"
    },
    "imports": [
      {
        "href": "catalog.json",
        "include-controls": [
          {
            "with-ids": [
              "ac-1",
              "ac-2",
              "ac-3",
              "ac-7",
              "ac-8",
              "ac-14",
              "ac-17",
              "ac-18",
              "ac-19",
              "ac-20",
              "ac-22",
              "at-1",
              "at-2",
              "at-3",
              "at-4",
              "au-1",
              "au-2",
              "au-3",
              "au-4",
              "au-5",
              "au-6",
              "au-8",
              "au-9",
              "au-11",
              "au-12",
              "ca-1",
              "ca-2",
              "ca-2.1",
              "ca-3",
              "ca-5",
              "ca-6",
              "ca-7",
              "ca-9",
              "cm-1",
              "cm-2",
              "cm-4",
              "cm-6",
              "cm-7",
              "cm-8",
              "cm-10",
              "cm-11",
              "cp-1",
              "cp-2",
              "cp-3",
              "cp-4",
              "cp-9",
              "cp-10",
              "ia-1",
              "ia-2",
              "ia-2.1",
              "ia-2.12",
              "ia-4",
              "ia-5",
              "ia-5.1",
              "ia-5.11",
              "ia-6",
              "ia-7",
              "ia-8",
              "ia-8.1",
              "ia-8.2",
              "ia-8.3",
              "ia-8.4",
              "ir-1",
              "ir-2",
              "ir-4",
              "ir-5",
              "ir-6",
              "ir-7",
              "ir-8",
              "ma-1",
              "ma-2",
              "ma-4",
              "ma-5",
              "mp-1",
              "mp-2",
              "mp-6",
              "mp-7",
              "pe-1",
              "pe-2",
              "pe-3",
              "pe-6",
              "pe-8",
              "pe-12",
              "pe-13",
              "pe-14",
              "pe-15",
              "pe-16",
              "pl-1",
              "pl-2",
              "pl-4",
              "ps-1",
              "ps-2",
              "ps-3",
              "ps-4",
              "ps-5",
              "ps-6",
              "ps-7",
              "ps-8",
              "ra-1",
              "ra-2",
              "ra-3",
              "ra-5",
              "sa-1",
              "sa-2",
              "sa-3",
              "sa-4",
              "sa-5",
              "sa-9",
              "sc-1",
              "sc-5",
              "sc-7",
              "sc-12",
              "sc-13",
              "sc-15",
              "sc-20",
              "sc-21",
              "sc-22",
              "sc-39",
              "si-1",
              "si-2",
              "si-3",
              "si-4",
              "si-5",
              "si-12",
              "si-16",
              "ac-2.1",
              "ac-2.2",
              "ac-2.3",
              "ac-2.4",
              "ac-2.5",
              "ac-2.7",
              "ac-2.9",
              "ac-2.10",
              "ac-2.12",
              "ac-4",
              "ac-4.21",
              "ac-5",
              "ac-6",
              "ac-6.1",
              "ac-6.2",
              "ac-6.5",
              "ac-6.9",
              "ac-6.10",
              "ac-10",
              "ac-11",
              "ac-11.1",
              "ac-12",
              "ac-17.1",
              "ac-17.2",
              "ac-17.3",
              "ac-17.4",
              "ac-17.9",
              "ac-18.1",
              "ac-19.5",
              "ac-20.1",
              "ac-20.2",
              "ac-21",
              "at-2.2",
              "au-2.3",
              "au-3.1",
              "au-6.1",
              "au-6.3",
              "au-7",
              "au-7.1",
              "au-8.1",
              "au-9.2",
              "au-9.4",
              "ca-2.2",
              "ca-2.3",
              "ca-3.3",
              "ca-3.5",
              "ca-7.1",
              "ca-8",
              "ca-8.1",
              "cm-2.1",
              "cm-2.2",
              "cm-2.3",
              "cm-2.7",
              "cm-3",
              "cm-5",
              "cm-5.1",
              "cm-5.3",
              "cm-5.5",
              "cm-6.1",
              "cm-7.1",
              "cm-7.2",
              "cm-7.5",
              "cm-8.1",
              "cm-8.3",
              "cm-8.5",
              "cm-9",
              "cm-10.1",
              "cp-2.1",
              "cp-2.2",
              "cp-2.3",
              "cp-2.8",
              "cp-4.1",
              "cp-6",
              "cp-6.1",
              "cp-6.3",
              "cp-7",
              "cp-7.1",
              "cp-7.2",
              "cp-7.3",
              "cp-8",
              "cp-8.1",
              "cp-8.2",
              "cp-9.1",
              "cp-9.3",
              "cp-10.2",
              "ia-2.2",
              "ia-2.3",
              "ia-2.5",
              "ia-2.8",
              "ia-2.11",
              "ia-3",
              "ia-4.4",
              "ia-5.2",
              "ia-5.3",
              "ia-5.4",
              "ia-5.6",
              "ia-5.7",
              "ir-3",
              "ir-3.2",
              "ir-4.1",
              "ir-6.1",
              "ir-7.1",
              "ir-7.2",
              "ir-9",
              "ir-9.1",
              "ir-9.2",
              "ir-9.3",
              "ir-9.4",
              "ma-3",
              "ma-3.1",
              "ma-3.2",
              "ma-3.3",
              "ma-4.2",
              "ma-5.1",
              "ma-6",
              "mp-3",
              "mp-4",
              "mp-5",
              "mp-5.4",
              "mp-6.2",
              "mp-7.1",
              "pe-4",
              "pe-5",
              "pe-6.1",
              "pe-9",
              "pe-10",
              "pe-11",
              "pe-13.2",
              "pe-13.3",
              "pe-14.2",
              "pe-17",
              "pl-2.3",
              "pl-4.1",
              "pl-8",
              "ps-3.3",
              "ra-5.1",
              "ra-5.2",
              "ra-5.3",
              "ra-5.5",
              "ra-5.6",
              "ra-5.8",
              "sa-4.1",
              "sa-4.2",
              "sa-4.8",
              "sa-4.9",
              "sa-4.10",
              "sa-8",
              "sa-9.1",
              "sa-9.2",
              "sa-9.4",
              "sa-9.5",
              "sa-10",
              "sa-10.1",
              "sa-11",
              "sa-11.1",
              "sa-11.2",
              "sa-11.8",
              "sc-2",
              "sc-4",
              "sc-6",
              "sc-7.3",
              "sc-7.4",
              "sc-7.5",
              "sc-7.7",
              "sc-7.8",
              "sc-7.12",
              "sc-7.13",
              "sc-7.18",
              "sc-8",
              "sc-8.1",
              "sc-10",
              "sc-12.2",
              "sc-12.3",
              "sc-17",
              "sc-18",
              "sc-19",
              "sc-23",
              "sc-28",
              "sc-28.1",
              "si-2.2",
              "si-2.3",
              "si-3.1",
              "si-3.2",
              "si-3.7",
              "si-4.1",
              "si-4.2",
              "si-4.4",
              "si-4.5",
              "si-4.14",
              "si-4.16",
              "si-4.23",
              "si-6",
              "si-7",
              "si-7.1",
              "si-7.7",
              "si-8",
              "si-8.1",
              "si-8.2",
              "si-10",
              "si-11"
            ]
          }
        ]
      }
    ],
    "merge": {
      "combine": {
        "method": "keep"
      },
      "as-is": true
    }
  }
}