address_id,address,address2,district,city_id,postal_code,phone,location,last_update
1,"47 MySakila Drive",NULL,Alberta,300,,,...,"2014-09-25 22:30:27"
2,"28 MySQL Boulevard",NULL,QLD,576,,,...,"2014-09-25 22:30:09"
3,"23 Workhaven Lane",NULL,Alberta,300,,14033335568,...,"2014-09-25 22:30:27"
4,"1411 Lillydale Drive",NULL,QLD,576,,6172235589,...,"2014-09-25 22:30:09"
5,"1913 Hanoi Way",,Nagasaki,463,35200,28303384290,...,"2014-09-25 22:31:53"
6,"1121 Loja Avenue",,California,449,17886,838635286649,...,"2014-09-25 22:34:01"
7,"692 Joliet Street",,Attika,38,83579,448477190408,...,"2014-09-25 22:31:07"
8,"1566 Inegl Manor",,Mandalay,349,53561,705814003527,...,"2014-09-25 22:32:18"
9,"53 Idfu Parkway",,Nantou,361,42399,10655648674,...,"2014-09-25 22:33:16"
10,"1795 Santiago de Compostela Way",,Texas,295,18743,860452626434,...,"2014-09-25 22:33:55"
11,"900 Santiago de Compostela Parkway",,"Central Serbia",280,93896,716571220373,...,"2014-09-25 22:34:11"
12,"478 Joliet Way",,Hamilton,200,77948,657282285970,...,"2014-09-25 22:32:22"
13,"613 Korolev Drive",,Masqat,329,45844,380657522649,...,"2014-09-25 22:32:29"
14,"1531 Sal Drive",,Esfahan,162,53628,648856936185,...,"2014-09-25 22:31:36"
15,"1542 Tarlac Parkway",,Kanagawa,440,1027,635297277345,...,"2014-09-25 22:31:53"
16,"808 Bhopal Manor",,Haryana,582,10672,465887807014,...,"2014-09-25 22:31:30"
17,"270 Amroha Parkway",,Osmaniye,384,29610,695479687538,...,"2014-09-25 22:33:27"
18,"770 Bydgoszcz Avenue",,California,120,16266,517338314235,...,"2014-09-25 22:33:47"
19,"419 Iligan Lane",,"Madhya Pradesh",76,72878,990911107354,...,"2014-09-25 22:31:13"
20,"360 Toulouse Parkway",,England,495,54308,949312333307,...,"2014-09-25 22:33:40"
21,"270 Toulon Boulevard",,Kalmykia,156,81766,407752414682,...,"2014-09-25 22:32:48"
22,"320 Brest Avenue",,Kaduna,252,43331,747791594069,...,"2014-09-25 22:32:25"
23,"1417 Lancaster Avenue",,"Northern Cape",267,72192,272572357893,...,"2014-09-25 22:33:03"
24,"1688 Okara Way",,"Nothwest Border Prov",327,21954,144453869132,...,"2014-09-25 22:32:30"
25,"262 A Corua (La Corua) Parkway",,Dhaka,525,34418,892775750063,...,"2014-09-25 22:30:12"
26,"28 Charlotte Amalie Street",,Rabat-Sal-Zammour-Z,443,37551,161968374323,...,"2014-09-25 22:32:16"
27,"1780 Hino Boulevard",,Liepaja,303,7716,902731229323,...,"2014-09-25 22:31:58"
28,"96 Tafuna Way",,Crdoba,128,99865,934730187245,...,"2014-09-25 22:30:05"
29,"934 San Felipe de Puerto Plata Street",,Sind,472,99780,196495945706,...,"2014-09-25 22:32:31"
30,"18 Duisburg Boulevard",,,121,58327,998009777982,...,"2014-09-25 22:31:08"
31,"217 Botshabelo Place",,"Southern Mindanao",138,49521,665356572025,...,"2014-09-25 22:32:36"
32,"1425 Shikarpur Manor",,Bihar,346,65599,678220867005,...,"2014-09-25 22:31:20"
33,"786 Aurora Avenue",,Yamaguchi,474,65750,18461860151,...,"2014-09-25 22:31:53"
34,"1668 Anpolis Street",,Taipei,316,50199,525255540978,...,"2014-09-25 22:33:15"
35,"33 Gorontalo Way",,"West Bengali",257,30348,745994947458,...,"2014-09-25 22:31:18"
36,"176 Mandaluyong Place",,"Uttar Pradesh",239,65213,627705991774,...,"2014-09-25 22:31:17"
37,"127 Purnea (Purnia) Manor",,Piemonte,17,79388,911872220378,...,"2014-09-25 22:31:42"
38,"61 Tama Street",,Okayama,284,94065,708403338270,...,"2014-09-25 22:31:49"
39,"391 Callao Drive",,Midi-Pyrnes,544,34021,440512153169,...,"2014-09-25 22:31:01"
40,"334 Munger (Monghyr) Lane",,Markazi,31,38145,481183273622,...,"2014-09-25 22:31:36"
41,"1440 Fukuyama Loop",,Henan,362,47929,912257250465,...,"2014-09-25 22:30:40"
42,"269 Cam Ranh Parkway",,Chisinau,115,34689,489783829737,...,"2014-09-25 22:32:15"
43,"306 Antofagasta Place",,"Esprito Santo",569,3989,378318851631,...,"2014-09-25 22:30:23"
44,"671 Graz Street",,Oriental,353,94399,680768868518,...,"2014-09-25 22:32:16"
45,"42 Brindisi Place",,Yerevan,586,16744,42384721397,...,"2014-09-25 22:30:08"
46,"1632 Bislig Avenue",,Nonthaburi,394,61117,471675840679,...,"2014-09-25 22:33:20"
47,"1447 Imus Way",,Tahiti,167,48942,539758313890,...,"2014-09-25 22:31:02"
48,"1998 Halifax Drive",,Lipetsk,308,76022,177727722820,...,"2014-09-25 22:32:54"
49,"1718 Valencia Street",,Antofagasta,27,37359,675292816413,...,"2014-09-25 22:30:29"
50,"46 Pjatigorsk Lane",,"Moscow (City)",343,23616,262076994845,...,"2014-09-25 22:32:55"
51,"686 Garland Manor",,Cear,247,52535,69493378813,...,"2014-09-25 22:30:19"
52,"909 Garland Manor",,Tatarstan,367,69367,705800322606,...,"2014-09-25 22:32:55"
53,"725 Isesaki Place",,Mekka,237,74428,876295323994,...,"2014-09-25 22:33:00"
54,"115 Hidalgo Parkway",,Khartum,379,80168,307703950263,...,"2014-09-25 22:33:11"
55,"1135 Izumisano Parkway",,California,171,48150,171822533480,...,"2014-09-25 22:33:50"
56,"939 Probolinggo Loop",,Galicia,1,4166,680428310138,...,"2014-09-25 22:33:08"
57,"17 Kabul Boulevard",,Chiba,355,38594,697760867968,...,"2014-09-25 22:31:51"
58,"1964 Allappuzha (Alleppey) Street",,Yamaguchi,227,48980,920811325222,...,"2014-09-25 22:31:47"
59,"1697 Kowloon and New Kowloon Loop",,Moskova,49,57807,499352017190,...,"2014-09-25 22:32:47"
60,"1668 Saint Louis Place",,Tahiti,397,39072,347487831378,...,"2014-09-25 22:31:02"
61,"943 Tokat Street",,Vaduz,560,45428,889318963672,...,"2014-09-25 22:31:58"
62,"1114 Liepaja Street",,Sarawak,282,69226,212869228936,...,"2014-09-25 22:32:00"
63,"1213 Ranchi Parkway",,Karnataka,350,94352,800024380485,...,"2014-09-25 22:31:21"
64,"81 Hodeida Way",,Rajasthan,231,55561,250767749542,...,"2014-09-25 22:31:17"
65,"915 Ponce Place",,Basel-Stadt,56,83980,1395251317,...,"2014-09-25 22:33:12"
66,"1717 Guadalajara Lane",,Missouri,441,85505,914090181665,...,"2014-09-25 22:33:59"
67,"1214 Hanoi Way",,Nebraska,306,67055,491001136577,...,"2014-09-25 22:33:56"
68,"1966 Amroha Avenue",,Sichuan,139,70385,333489324603,...,"2014-09-25 22:30:32"
69,"698 Otsu Street",,Cayenne,105,71110,409983924481,...,"2014-09-25 22:31:02"
70,"1150 Kimchon Manor",,"Skne ln",321,96109,663449333709,...,"2014-09-25 22:33:11"
71,"1586 Guaruj Place",,Hunan,579,5135,947233365992,...,"2014-09-25 22:30:46"
72,"57 Arlington Manor",,"Madhya Pradesh",475,48960,990214419142,...,"2014-09-25 22:31:27"
73,"1031 Daugavpils Parkway",,Bchar,63,59025,107137400143,...,"2014-09-25 22:29:59"
74,"1124 Buenaventura Drive",,Mekka,13,6856,407733804223,...,"2014-09-25 22:32:59"
75,"492 Cam Ranh Street",,"Eastern Visayas",61,50805,565018274456,...,"2014-09-25 22:32:34"
76,"89 Allappuzha (Alleppey) Manor",,"National Capital Reg",517,75444,255800440636,...,"2014-09-25 22:32:39"
77,"1947 Poos de Caldas Boulevard",,Chiayi,114,60951,427454485876,...,"2014-09-25 22:33:14"
78,"1206 Dos Quebradas Place",,"So Paulo",431,20207,241832790687,...,"2014-09-25 22:30:21"
79,"1551 Rampur Lane",,Changhwa,108,72394,251164340471,...,"2014-09-25 22:33:14"
80,"602 Paarl Street",,Pavlodar,402,98889,896314772871,...,"2014-09-25 22:31:55"
81,"1692 Ede Loop",,"So Paulo",30,9223,918711376618,...,"2014-09-25 22:30:16"
82,"936 Salzburg Lane",,"Uttar Pradesh",425,96709,875756771675,...,"2014-09-25 22:31:24"
83,"586 Tete Way",,Kanagawa,256,1079,18581624103,...,"2014-09-25 22:31:48"
84,"1888 Kabul Drive",,"Oyo & Osun",217,20936,701457319790,...,"2014-09-25 22:32:24"
85,"320 Baiyin Parkway",,Mahajanga,319,37307,223664661973,...,"2014-09-25 22:31:59"
86,"927 Baha Blanca Parkway",,Krim,479,9495,821972242086,...,"2014-09-25 22:33:33"
87,"929 Tallahassee Loop",,Gauteng,497,74671,800716535041,...,"2014-09-25 22:33:06"
88,"125 Citt del Vaticano Boulevard",,Puebla,40,67912,48417642933,...,"2014-09-25 22:32:02"
89,"1557 Ktahya Boulevard",,England,88,88002,720998247660,...,"2014-09-25 22:33:36"
90,"870 Ashqelon Loop",,Songkhla,489,84931,135117278909,...,"2014-09-25 22:33:20"
91,"1740 Portoviejo Avenue",,Sucre,480,29932,198123170793,...,"2014-09-25 22:30:53"
92,"1942 Ciparay Parkway",,Cheju,113,82624,978987363654,...,"2014-09-25 22:33:06"
93,"1926 El Alto Avenue",,"Buenos Aires",289,75543,846225459260,...,"2014-09-25 22:30:05"
94,"1952 Chatsworth Drive",,Guangdong,332,25958,991562402283,...,"2014-09-25 22:30:40"
95,"1370 Le Mans Avenue",,"Brunei and Muara",53,52163,345679835036,...,"2014-09-25 22:30:23"
96,"984 Effon-Alaiye Avenue",,Gois,183,17119,132986892228,...,"2014-09-25 22:30:17"
97,"832 Nakhon Sawan Manor",,"Inner Mongolia",592,49021,275595571388,...,"2014-09-25 22:30:50"
98,"152 Kitwe Parkway",,Caraga,82,53182,835433605312,...,"2014-09-25 22:32:35"
99,"1697 Tanauan Lane",,Punjab,399,22870,4764773857,...,"2014-09-25 22:31:22"
100,"1308 Arecibo Way",,Georgia,41,30695,6171054059,...,"2014-09-25 22:33:43"
101,"1599 Plock Drive",,Tete,534,71986,817248913162,...,"2014-09-25 22:32:18"
102,"669 Firozabad Loop",,"Abu Dhabi",12,92265,412903167998,...,"2014-09-25 22:33:35"
103,"588 Vila Velha Manor",,Kyongsangbuk,268,51540,333339908719,...,"2014-09-25 22:33:07"
104,"1913 Kamakura Place",,Lipetsk,238,97287,942570536750,...,"2014-09-25 22:32:49"
105,"733 Mandaluyong Place",,Asir,2,77459,196568435814,...,"2014-09-25 22:32:59"
106,"659 Vaduz Drive",,"Ha Darom",34,49708,709935135487,...,"2014-09-25 22:31:40"
107,"1177 Jelets Way",,"Kwara & Kogi",220,3305,484292626944,...,"2014-09-25 22:32:24"
108,"1386 Yangor Avenue",,Provence-Alpes-Cte,543,80720,449216226468,...,"2014-09-25 22:31:01"
109,"454 Nakhon Sawan Boulevard",,Funafuti,173,76383,963887147572,...,"2014-09-25 22:33:31"
110,"1867 San Juan Bautista Tuxtepec Avenue",,Ivanovo,225,78311,547003310357,...,"2014-09-25 22:32:48"
111,"1532 Dzerzinsk Way",,"Buenos Aires",334,9599,330838016880,...,"2014-09-25 22:30:06"
112,"1002 Ahmadnagar Manor",,Mxico,213,93026,371490777743,...,"2014-09-25 22:32:07"
113,"682 Junan Way",,"North West",273,30418,622255216127,...,"2014-09-25 22:33:04"
114,"804 Elista Drive",,Hubei,159,61069,379804592943,...,"2014-09-25 22:30:33"
115,"1378 Alvorada Avenue",,"Distrito Federal",102,75834,272234298332,...,"2014-09-25 22:34:03"
116,"793 Cam Ranh Avenue",,California,292,87057,824370924746,...,"2014-09-25 22:33:55"
117,"1079 Tel Aviv-Jaffa Boulevard",,Sucre,132,10885,358178933857,...,"2014-09-25 22:34:04"
118,"442 Rae Bareli Place",,Nordrhein-Westfalen,148,24321,886636413768,...,"2014-09-25 22:31:04"
119,"1107 Nakhon Sawan Avenue",,Mxico,365,75149,867546627903,...,"2014-09-25 22:32:11"
120,"544 Malm Parkway",,"Central Java",403,63502,386759646229,...,"2014-09-25 22:31:34"
121,"1967 Sincelejo Place",,Gujarat,176,73644,577812616052,...,"2014-09-25 22:31:16"
122,"333 Goinia Way",,Texas,185,78625,909029256431,...,"2014-09-25 22:33:51"
123,"1987 Coacalco de Berriozbal Loop",,al-Qalyubiya,476,96065,787654415858,...,"2014-09-25 22:30:58"
124,"241 Mosul Lane",,Risaralda,147,76157,765345144779,...,"2014-09-25 22:30:52"
125,"211 Chiayi Drive",,"Uttar Pradesh",164,58186,665993880048,...,"2014-09-25 22:31:15"
126,"1175 Tanauan Way",,Lima,305,64615,937222955822,...,"2014-09-25 22:32:33"
127,"117 Boa Vista Way",,"Uttar Pradesh",566,6804,677976133614,...,"2014-09-25 22:31:29"
128,"848 Tafuna Manor",,Ktahya,281,45142,614935229095,...,"2014-09-25 22:33:27"
129,"569 Baicheng Lane",,Gauteng,85,60304,490211944645,...,"2014-09-25 22:33:02"
130,"1666 Qomsheh Drive",,"So Paulo",410,66255,582835362905,...,"2014-09-25 22:30:20"
131,"801 Hagonoy Drive",,Smolensk,484,8439,237426099212,...,"2014-09-25 22:32:57"
132,"1050 Garden Grove Avenue",,Slaskie,236,4999,973047364353,...,"2014-09-25 22:32:42"
133,"1854 Tieli Street",,Shandong,302,15819,509492324775,...,"2014-09-25 22:30:39"
134,"758 Junan Lane",,Gois,190,82639,935448624185,...,"2014-09-25 22:30:18"
135,"1752 So Leopoldo Parkway",,Taka-Karpatia,345,14014,252265130067,...,"2014-09-25 22:33:32"
136,"898 Belm Manor",,"Free State",87,49757,707169393853,...,"2014-09-25 22:33:02"
137,"261 Saint Louis Way",,"Coahuila de Zaragoza",541,83401,321944036800,...,"2014-09-25 22:32:13"
138,"765 Southampton Drive",,al-Qalyubiya,421,4285,23712411567,...,"2014-09-25 22:30:57"
139,"943 Johannesburg Avenue",,Maharashtra,417,5892,90921003005,...,"2014-09-25 22:31:24"
140,"788 Atinsk Street",,Karnataka,211,81691,146497509724,...,"2014-09-25 22:31:17"
141,"1749 Daxian Place",,Gelderland,29,11044,963369996279,...,"2014-09-25 22:32:20"
142,"1587 Sullana Lane",,"Inner Mongolia",207,85769,468060467018,...,"2014-09-25 22:30:35"
143,"1029 Dzerzinsk Manor",,Ynlin,542,57519,33173584456,...,"2014-09-25 22:33:16"
144,"1666 Beni-Mellal Place",,Tennessee,123,13377,9099941466,...,"2014-09-25 22:33:48"
145,"928 Jaffna Loop",,Hiroshima,172,93762,581852137991,...,"2014-09-25 22:31:45"
146,"483 Ljubertsy Parkway",,Scotland,149,60562,581174211853,...,"2014-09-25 22:33:36"
147,"374 Bat Yam Boulevard",,Kilis,266,97700,923261616249,...,"2014-09-25 22:33:26"
148,"1027 Songkhla Manor",,Minsk,340,30861,563660187896,...,"2014-09-25 22:30:13"
149,"999 Sanaa Loop",,Gauteng,491,3439,918032330119,...,"2014-09-25 22:33:05"
150,"879 Newcastle Way",,Michigan,499,90732,206841104594,...,"2014-09-25 22:34:01"
151,"1337 Lincoln Parkway",,Saitama,555,99457,597815221267,...,"2014-09-25 22:31:55"
152,"1952 Pune Lane",,Saint-Denis,442,92150,354615066969,...,"2014-09-25 22:32:46"
153,"782 Mosul Street",,Massachusetts,94,25545,885899703621,...,"2014-09-25 22:33:46"
154,"781 Shimonoseki Drive",,"Michoacn de Ocampo",202,95444,632316273199,...,"2014-09-25 22:32:06"
155,"1560 Jelets Boulevard",,Shandong,291,77777,189446090264,...,"2014-09-25 22:30:38"
156,"1963 Moscow Place",,Assam,354,64863,761379480249,...,"2014-09-25 22:31:21"
157,"456 Escobar Way",,"Jakarta Raya",232,36061,719202533520,...,"2014-09-25 22:31:33"
158,"798 Cianjur Avenue",,Shanxi,590,76990,499408708580,...,"2014-09-25 22:30:49"
159,"185 Novi Sad Place",,Bern,72,41778,904253967161,...,"2014-09-25 22:33:13"
160,"1367 Yantai Manor",,"Ondo & Ekiti",381,21294,889538496300,...,"2014-09-25 22:32:26"
161,"1386 Nakhon Sawan Boulevard",,Pyongyang-si,420,53502,368899174225,...,"2014-09-25 22:32:28"
162,"369 Papeete Way",,"North Carolina",187,66639,170117068815,...,"2014-09-25 22:33:52"
163,"1440 Compton Place",,"North Austria",307,81037,931059836497,...,"2014-09-25 22:30:10"
164,"1623 Baha Blanca Manor",,Moskova,310,81511,149981248346,...,"2014-09-25 22:32:54"
165,"97 Shimoga Avenue",,"Tel Aviv",533,44660,177167004331,...,"2014-09-25 22:31:41"
166,"1740 Le Mans Loop",,"Pays de la Loire",297,22853,168476538960,...,"2014-09-25 22:31:01"
167,"1287 Xiangfan Boulevard",,Gifu,253,57844,819416131190,...,"2014-09-25 22:31:48"
168,"842 Salzburg Lane",,Adana,529,3313,697151428760,...,"2014-09-25 22:33:29"
169,"154 Tallahassee Loop",,Xinxiang,199,62250,935508855935,...,"2014-09-25 22:30:34"
170,"710 San Felipe del Progreso Avenue",,Lilongwe,304,76901,843801144113,...,"2014-09-25 22:31:59"
171,"1540 Wroclaw Drive",,Maharashtra,107,62686,182363341674,...,"2014-09-25 22:31:14"
172,"475 Atinsk Way",,Gansu,240,59571,201705577290,...,"2014-09-25 22:30:36"
173,"1294 Firozabad Drive",,Jiangxi,407,70618,161801569569,...,"2014-09-25 22:30:40"
174,"1877 Ezhou Lane",,Rajasthan,550,63337,264541743403,...,"2014-09-25 22:31:28"
175,"316 Uruapan Street",,Perak,223,58194,275788967899,...,"2014-09-25 22:31:59"
176,"29 Pyongyang Loop",,Batman,58,47753,734780743462,...,"2014-09-25 22:33:23"
177,"1010 Klerksdorp Way",,Steiermark,186,6802,493008546874,...,"2014-09-25 22:30:10"
178,"1848 Salala Boulevard",,Miranda,373,25220,48265851133,...,"2014-09-25 22:34:04"
179,"431 Xiangtan Avenue",,Kerala,18,4854,230250973122,...,"2014-09-25 22:31:10"
180,"757 Rustenburg Avenue",,Skikda,483,89668,506134035434,...,"2014-09-25 22:30:01"
181,"146 Johannesburg Way",,Tamaulipas,330,54132,953689007081,...,"2014-09-25 22:32:09"
182,"1891 Rizhao Boulevard",,"So Paulo",456,47288,391065549876,...,"2014-09-25 22:30:21"
183,"1089 Iwatsuki Avenue",,Kirov,270,35109,866092335135,...,"2014-09-25 22:32:50"
184,"1410 Benin City Parkway",,Risaralda,405,29747,104150372603,...,"2014-09-25 22:30:52"
185,"682 Garden Grove Place",,Tennessee,333,67497,72136330362,...,"2014-09-25 22:33:57"
186,"533 al-Ayn Boulevard",,California,126,8862,662227486184,...,"2014-09-25 22:33:48"
187,"1839 Szkesfehrvr Parkway",,Gois,317,55709,947468818183,...,"2014-09-25 22:30:20"
188,"741 Ambattur Manor",,Noord-Brabant,438,43310,302590383819,...,"2014-09-25 22:32:21"
189,"927 Barcelona Street",,"Chaharmahal va Bakht",467,65121,951486492670,...,"2014-09-25 22:31:38"
190,"435 0 Way",,"West Bengali",195,74750,760171523969,...,"2014-09-25 22:31:16"
191,"140 Chiayi Parkway",,Sumy,506,38982,855863906434,...,"2014-09-25 22:33:34"
192,"1166 Changhwa Street",,Caraga,62,58852,650752094490,...,"2014-09-25 22:32:34"
193,"891 Novi Sad Manor",,Ontario,383,5379,247646995453,...,"2014-09-25 22:30:28"
194,"605 Rio Claro Parkway",,Tabora,513,49348,352469351088,...,"2014-09-25 22:33:18"
195,"1077 San Felipe de Puerto Plata Place",,Rostov-na-Donu,369,65387,812824036424,...,"2014-09-25 22:32:56"
196,"9 San Miguel de Tucumn Manor",,"Uttar Pradesh",169,90845,956188728558,...,"2014-09-25 22:31:15"
197,"447 Surakarta Loop",,Nyanza,271,10428,940830176580,...,"2014-09-25 22:31:56"
198,"345 Oshawa Boulevard",,Tokyo-to,204,32114,104491201771,...,"2014-09-25 22:31:45"
199,"1792 Valle de la Pascua Place",,Nordrhein-Westfalen,477,15540,419419591240,...,"2014-09-25 22:31:06"
200,"1074 Binzhou Manor",,Baden-Wrttemberg,325,36490,331132568928,...,"2014-09-25 22:31:05"
201,"817 Bradford Loop",,Jiangsu,109,89459,264286442804,...,"2014-09-25 22:30:31"
202,"955 Bamenda Way",,"Ondo & Ekiti",218,1545,768481779568,...,"2014-09-25 22:32:24"
203,"1149 A Corua (La Corua) Boulevard",,Haiphong,194,95824,470884141195,...,"2014-09-25 22:34:06"
204,"387 Mwene-Ditu Drive",,Ahal,35,8073,764477681869,...,"2014-09-25 22:33:30"
205,"68 Molodetno Manor",,Nordrhein-Westfalen,575,4662,146640639760,...,"2014-09-25 22:31:06"
206,"642 Nador Drive",,Maharashtra,77,3924,369050085652,...,"2014-09-25 22:31:13"
207,"1688 Nador Lane",,"Sulawesi Utara",184,61613,652218196731,...,"2014-09-25 22:31:32"
208,"1215 Pyongyang Parkway",,Usak,557,25238,646237101779,...,"2014-09-25 22:33:30"
209,"1679 Antofagasta Street",,"Alto Paran",122,86599,905903574913,...,"2014-09-25 22:32:32"
210,"1304 s-Hertogenbosch Way",,"Santa Catarina",83,10925,90336226227,...,"2014-09-25 22:30:16"
211,"850 Salala Loop",,Kitaa,371,10800,403404780639,...,"2014-09-25 22:31:07"
212,"624 Oshawa Boulevard",,"West Bengali",51,89959,49677664184,...,"2014-09-25 22:31:11"
213,"43 Dadu Avenue",,Rajasthan,74,4855,95666951770,...,"2014-09-25 22:31:12"
214,"751 Lima Loop",,Aden,7,99405,756460337785,...,"2014-09-25 22:34:08"
215,"1333 Haldia Street",,Jilin,174,82161,408304391718,...,"2014-09-25 22:30:33"
216,"660 Jedda Boulevard",,Washington,65,25053,168758068397,...,"2014-09-25 22:33:45"
217,"1001 Miyakonojo Lane",,Taizz,518,67924,584316724815,...,"2014-09-25 22:34:11"
218,"226 Brest Manor",,California,508,2299,785881412500,...,"2014-09-25 22:34:02"
219,"1229 Valencia Parkway",,Haskovo,498,99124,352679173732,...,"2014-09-25 22:30:24"
220,"1201 Qomsheh Manor",,Gois,28,21464,873492228462,...,"2014-09-25 22:30:15"
221,"866 Shivapuri Manor",,"Uttar Pradesh",448,22474,778502731092,...,"2014-09-25 22:31:26"
222,"1168 Najafabad Parkway",,Kabol,251,40301,886649065861,...,"2014-09-25 22:29:59"
223,"1244 Allappuzha (Alleppey) Place",,"Buenos Aires",567,20657,991802825778,...,"2014-09-25 22:30:08"
224,"1842 Luzinia Boulevard",,"Zanzibar West",593,94420,706878974831,...,"2014-09-25 22:33:19"
225,"1926 Gingoog Street",,Sisilia,511,22824,469738825391,...,"2014-09-25 22:31:44"
226,"810 Palghat (Palakkad) Boulevard",,Jaroslavl,235,73431,516331171356,...,"2014-09-25 22:32:49"
227,"1820 Maring Parkway",,Punjab,324,88307,99760893676,...,"2014-09-25 22:32:30"
228,"60 Poos de Caldas Street",,Rajasthan,243,82338,963063788669,...,"2014-09-25 22:31:18"
229,"1014 Loja Manor",,"Tamil Nadu",22,66851,460795526514,...,"2014-09-25 22:31:10"
230,"201 Effon-Alaiye Way",,Asuncin,37,64344,684192903087,...,"2014-09-25 22:32:31"
231,"430 Alessandria Loop",,Saarland,439,47446,669828224459,...,"2014-09-25 22:31:06"
232,"754 Valencia Place",,"Phnom Penh",406,87911,594319417514,...,"2014-09-25 22:30:25"
233,"356 Olomouc Manor",,Gois,26,93323,22326410776,...,"2014-09-25 22:30:15"
234,"1256 Bislig Boulevard",,Botosani,86,50598,479007229460,...,"2014-09-25 22:32:46"
235,"954 Kimchon Place",,"West Bengali",559,42420,541327526474,...,"2014-09-25 22:31:28"
236,"885 Yingkou Manor",,Kaduna,596,31390,588964509072,...,"2014-09-25 22:32:28"
237,"1736 Cavite Place",,Qina,216,98775,431770603551,...,"2014-09-25 22:30:56"
238,"346 Skikda Parkway",,Hawalli,233,90628,630424482919,...,"2014-09-25 22:31:57"
239,"98 Stara Zagora Boulevard",,Valle,96,76448,610173756082,...,"2014-09-25 22:30:51"
240,"1479 Rustenburg Boulevard",,"Southern Tagalog",527,18727,727785483194,...,"2014-09-25 22:32:40"
241,"647 A Corua (La Corua) Street",,Chollanam,357,36971,792557457753,...,"2014-09-25 22:33:07"
242,"1964 Gijn Manor",,Karnataka,473,14408,918119601885,...,"2014-09-25 22:31:26"
243,"47 Syktyvkar Lane",,"West Java",118,22236,63937119031,...,"2014-09-25 22:31:31"
244,"1148 Saarbrcken Parkway",,Fukushima,226,1921,137773001988,...,"2014-09-25 22:31:47"
245,"1103 Bilbays Parkway",,Hubei,578,87660,279979529227,...,"2014-09-25 22:30:45"
246,"1246 Boksburg Parkway",,Hebei,422,28349,890283544295,...,"2014-09-25 22:30:41"
247,"1483 Pathankot Street",,Tucumn,454,37288,686015532180,...,"2014-09-25 22:30:06"
248,"582 Papeete Loop",,"Central Visayas",294,27722,569868543137,...,"2014-09-25 22:32:38"
249,"300 Junan Street",,Kyonggi,553,81314,890289150158,...,"2014-09-25 22:33:08"
250,"829 Grand Prairie Way",,Paran,328,6461,741070712873,...,"2014-09-25 22:30:20"
251,"1473 Changhwa Parkway",,Mxico,124,75933,266798132374,...,"2014-09-25 22:32:03"
252,"1309 Weifang Street",,Florida,520,57338,435785045362,...,"2014-09-25 22:34:02"
253,"1760 Oshawa Manor",,Tianjin,535,38140,56257502250,...,"2014-09-25 22:30:43"
254,"786 Stara Zagora Way",,"Oyo & Osun",390,98332,716256596301,...,"2014-09-25 22:32:27"
255,"1966 Tonghae Street",,"Anhalt Sachsen",198,36481,567359279425,...,"2014-09-25 22:31:05"
256,"1497 Yuzhou Drive",,England,312,3433,246810237916,...,"2014-09-25 22:33:37"
258,"752 Ondo Loop",,Miyazaki,338,32474,134673576619,...,"2014-09-25 22:31:50"
259,"1338 Zalantun Lane",,"Minas Gerais",413,45403,840522972766,...,"2014-09-25 22:30:21"
260,"127 Iwakuni Boulevard",,"Central Luzon",192,20777,987442542471,...,"2014-09-25 22:32:37"
261,"51 Laredo Avenue",,Sagaing,342,68146,884536620568,...,"2014-09-25 22:32:18"
262,"771 Yaound Manor",,Sofala,64,86768,245477603573,...,"2014-09-25 22:32:17"
263,"532 Toulon Street",,Santiago,460,69517,46871694740,...,"2014-09-25 22:30:55"
264,"1027 Banjul Place",,"West Bengali",197,50390,538241037443,...,"2014-09-25 22:31:16"
265,"1158 Mandi Bahauddin Parkway",,Shanxi,136,98484,276555730211,...,"2014-09-25 22:30:32"
266,"862 Xintai Lane",,"Cagayan Valley",548,30065,265153400632,...,"2014-09-25 22:32:41"
267,"816 Cayenne Parkway",,Manab,414,93629,282874611748,...,"2014-09-25 22:30:56"
268,"1831 Nam Dinh Loop",,"National Capital Reg",323,51990,322888976727,...,"2014-09-25 22:32:38"
269,"446 Kirovo-Tepetsk Lane",,Osaka,203,19428,303967439816,...,"2014-09-25 22:31:45"
270,"682 Halisahar Place",,"Severn Morava",378,20536,475553436330,...,"2014-09-25 22:30:54"
271,"1587 Loja Manor",,Salzburg,447,5410,621625204422,...,"2014-09-25 22:30:10"
272,"1762 Paarl Parkway",,Hunan,298,53928,192459639410,...,"2014-09-25 22:30:39"
273,"1519 Ilorin Place",,Kerala,395,49298,357445645426,...,"2014-09-25 22:31:21"
274,"920 Kumbakonam Loop",,California,446,75090,685010736240,...,"2014-09-25 22:34:00"
275,"906 Goinia Way",,Wielkopolskie,255,83565,701767622697,...,"2014-09-25 22:32:42"
276,"1675 Xiangfan Manor",,"Tamil Nadu",283,11763,271149517630,...,"2014-09-25 22:31:20"
277,"85 San Felipe de Puerto Plata Drive",,Shandong,584,46063,170739645687,...,"2014-09-25 22:30:48"
278,"144 South Hill Loop",,Guanajuato,445,2012,45387294817,...,"2014-09-25 22:32:11"
279,"1884 Shikarpur Avenue",,Haryana,263,85548,959949395183,...,"2014-09-25 22:31:19"
280,"1980 Kamjanets-Podilskyi Street",,Illinois,404,89502,874337098891,...,"2014-09-25 22:33:57"
281,"1944 Bamenda Way",,Michigan,573,24645,75975221996,...,"2014-09-25 22:34:03"
282,"556 Baybay Manor",,"Oyo & Osun",374,55802,363982224739,...,"2014-09-25 22:32:25"
283,"457 Tongliao Loop",,Bursa,222,56254,880756161823,...,"2014-09-25 22:33:25"
284,"600 Bradford Street",,"East Azerbaidzan",514,96204,117592274996,...,"2014-09-25 22:31:40"
285,"1006 Santa Brbara dOeste Manor",,"Ondo & Ekiti",389,36229,85059738746,...,"2014-09-25 22:32:26"
286,"1308 Sumy Loop",,Fujian,175,30657,583021225407,...,"2014-09-25 22:30:34"
287,"1405 Chisinau Place",,Ponce,411,8160,62781725285,...,"2014-09-25 22:32:45"
288,"226 Halifax Street",,Xinxiang,277,58492,790651020929,...,"2014-09-25 22:30:38"
289,"1279 Udine Parkway",,"Edo & Delta",69,75860,195003555232,...,"2014-09-25 22:32:23"
290,"1336 Benin City Drive",,Shiga,386,46044,341242939532,...,"2014-09-25 22:31:53"
291,"1155 Liaocheng Place",,"Oyo & Osun",152,22650,558236142492,...,"2014-09-25 22:32:23"
292,"1993 Tabuk Lane",,"Tamil Nadu",522,64221,648482415405,...,"2014-09-25 22:31:27"
293,"86 Higashiosaka Lane",,Guanajuato,563,33768,957128697225,...,"2014-09-25 22:32:14"
294,"1912 Allende Manor",,"Kowloon and New Kowl",279,58124,172262454487,...,"2014-09-25 22:31:09"
295,"544 Tarsus Boulevard",,Gurico,562,53145,892523334,...,"2014-09-25 22:34:05"
296,"1936 Cuman Avenue",,Virginia,433,61195,976798660411,...,"2014-09-25 22:33:58"
297,"1192 Tongliao Street",,Sharja,470,19065,350970907017,...,"2014-09-25 22:33:35"
298,"44 Najafabad Way",,Baskimaa,146,61391,96604821070,...,"2014-09-25 22:33:08"
299,"32 Pudukkottai Lane",,Ohio,140,38834,967274728547,...,"2014-09-25 22:33:49"
300,"661 Chisinau Lane",,Pietari,274,8856,816436065431,...,"2014-09-25 22:32:51"
301,"951 Stara Zagora Manor",,Punjab,400,98573,429925609431,...,"2014-09-25 22:31:22"
302,"922 Vila Velha Loop",,Maharashtra,9,4085,510737228015,...,"2014-09-25 22:31:10"
303,"898 Jining Lane",,Pohjois-Pohjanmaa,387,40070,161643343536,...,"2014-09-25 22:31:00"
304,"1635 Kuwana Boulevard",,Hiroshima,205,52137,710603868323,...,"2014-09-25 22:31:46"
305,"41 El Alto Parkway",,Maharashtra,398,56883,51917807050,...,"2014-09-25 22:31:22"
306,"1883 Maikop Lane",,Kaliningrad,254,68469,96110042435,...,"2014-09-25 22:32:50"
307,"1908 Gaziantep Place",,Liaoning,536,58979,108053751300,...,"2014-09-25 22:30:43"
308,"687 Alessandria Parkway",,Sanaa,455,57587,407218522294,...,"2014-09-25 22:34:10"
309,"827 Yuncheng Drive",,Callao,99,79047,504434452842,...,"2014-09-25 22:32:32"
310,"913 Coacalco de Berriozbal Loop",,Texas,33,42141,262088367001,...,"2014-09-25 22:33:43"
311,"715 So Bernardo do Campo Lane",,Kedah,507,84804,181179321332,...,"2014-09-25 22:32:00"
312,"1354 Siegen Street",,"Rio de Janeiro",25,80184,573441801529,...,"2014-09-25 22:30:15"
313,"1191 Sungai Petani Boulevard",,Missouri,262,9668,983259819766,...,"2014-09-25 22:33:54"
314,"1224 Huejutla de Reyes Boulevard",,Lombardia,91,70923,806016930576,...,"2014-09-25 22:31:43"
315,"543 Bergamo Avenue",,"Minas Gerais",215,59686,103602195112,...,"2014-09-25 22:30:18"
316,"746 Joliet Lane",,Kursk,286,94878,688485191923,...,"2014-09-25 22:32:52"
317,"780 Kimberley Way",,Tabuk,515,17032,824396883951,...,"2014-09-25 22:33:00"
318,"1774 Yaound Place",,Hubei,166,91400,613124286867,...,"2014-09-25 22:30:33"
319,"1957 Yantai Lane",,"So Paulo",490,59255,704948322302,...,"2014-09-25 22:30:22"
320,"1542 Lubumbashi Boulevard",,"Tel Aviv",57,62472,508800331065,...,"2014-09-25 22:31:41"
321,"651 Pathankot Loop",,Maharashtra,336,59811,139378397418,...,"2014-09-25 22:31:20"
322,"1359 Zhoushan Parkway",,Streymoyar,545,29763,46568045367,...,"2014-09-25 22:30:59"
323,"1769 Iwaki Lane",,Kujawsko-Pomorskie,97,25787,556100547674,...,"2014-09-25 22:32:41"
324,"1145 Vilnius Manor",,Mxico,451,73170,674805712553,...,"2014-09-25 22:32:12"
325,"1892 Nabereznyje Telny Lane",,Tutuila,516,28396,478229987054,...,"2014-09-25 22:30:02"
326,"470 Boksburg Street",,Central,81,97960,908029859266,...,"2014-09-25 22:32:19"
327,"1427 A Corua (La Corua) Place",,"Buenos Aires",45,85799,972574862516,...,"2014-09-25 22:30:04"
328,"479 San Felipe del Progreso Avenue",,Morelos,130,54949,869051782691,...,"2014-09-25 22:32:04"
329,"867 Benin City Avenue",,Henan,591,78543,168884817145,...,"2014-09-25 22:30:50"
330,"981 Kumbakonam Place",,"Distrito Federal",89,87611,829116184079,...,"2014-09-25 22:30:17"
331,"1016 Iwakuni Street",,"St George",269,49833,961370847344,...,"2014-09-25 22:32:59"
332,"663 Baha Blanca Parkway",,Adana,5,33463,834418779292,...,"2014-09-25 22:33:22"
333,"1860 Taguig Loop",,"West Java",119,59550,38158430589,...,"2014-09-25 22:31:32"
334,"1816 Bydgoszcz Loop",,Dhaka,234,64308,965273813662,...,"2014-09-25 22:30:12"
335,"587 Benguela Manor",,Illinois,42,91590,165450987037,...,"2014-09-25 22:33:44"
336,"430 Kumbakonam Drive",,"Santa F",457,28814,105470691550,...,"2014-09-25 22:30:07"
337,"1838 Tabriz Lane",,Dhaka,143,1195,38988715447,...,"2014-09-25 22:30:12"
338,"431 Szkesfehrvr Avenue",,Baki,48,57828,119501405123,...,"2014-09-25 22:30:11"
339,"503 Sogamoso Loop",,Sumqayit,505,49812,834626715837,...,"2014-09-25 22:30:11"
340,"507 Smolensk Loop",,Sousse,492,22971,80303246192,...,"2014-09-25 22:33:21"
341,"1920 Weifang Avenue",,"Uttar Pradesh",427,15643,869507847714,...,"2014-09-25 22:31:25"
342,"124 al-Manama Way",,Hiroshima,382,52368,647899404952,...,"2014-09-25 22:31:52"
343,"1443 Mardan Street",,"Western Cape",392,31483,231383037471,...,"2014-09-25 22:33:05"
344,"1909 Benguela Lane",,Henan,581,19913,624138001031,...,"2014-09-25 22:30:47"
345,"68 Ponce Parkway",,Hanoi,201,85926,870635127812,...,"2014-09-25 22:34:06"
346,"1217 Konotop Avenue",,Gelderland,151,504,718917251754,...,"2014-09-25 22:32:20"
347,"1293 Nam Dinh Way",,Roraima,84,71583,697656479977,...,"2014-09-25 22:30:17"
348,"785 Vaduz Street",,"Baja California",335,36170,895616862749,...,"2014-09-25 22:32:10"
349,"1516 Escobar Drive",,Tongatapu,370,46069,64536069371,...,"2014-09-25 22:33:20"
350,"1628 Nagareyama Lane",,Central,453,60079,20064292617,...,"2014-09-25 22:32:32"
351,"1157 Nyeri Loop",,Adygea,320,56380,262744791493,...,"2014-09-25 22:32:55"
352,"1673 Tangail Drive",,Daugavpils,137,26857,627924259271,...,"2014-09-25 22:31:57"
353,"381 Kabul Way",,Taipei,209,87272,55477302294,...,"2014-09-25 22:33:15"
354,"953 Hodeida Street",,"Southern Tagalog",221,18841,53912826864,...,"2014-09-25 22:32:37"
355,"469 Nakhon Sawan Street",,Tuvassia,531,58866,689199636560,...,"2014-09-25 22:32:58"
356,"1378 Beira Loop",,Krasnojarsk,597,40792,840957664136,...,"2014-09-25 22:32:58"
357,"1641 Changhwa Place",,Nord-Ouest,52,37636,256546485220,...,"2014-09-25 22:30:25"
358,"1698 Southport Loop",,Hidalgo,393,49009,754358349853,...,"2014-09-25 22:32:11"
359,"519 Nyeri Manor",,"So Paulo",461,37650,764680915323,...,"2014-09-25 22:30:21"
360,"619 Hunuco Avenue",,Shimane,331,81508,142596392389,...,"2014-09-25 22:31:50"
361,"45 Aparecida de Goinia Place",,"Madhya Pradesh",464,7431,650496654258,...,"2014-09-25 22:31:26"
362,"482 Kowloon and New Kowloon Manor",,Bratislava,90,97056,738968474939,...,"2014-09-25 22:33:02"
363,"604 Bern Place",,Jharkhand,429,5373,620719383725,...,"2014-09-25 22:31:25"
364,"1623 Kingstown Drive",,"Buenos Aires",20,91299,296394569728,...,"2014-09-25 22:30:04"
365,"1009 Zanzibar Lane",,Arecibo,32,64875,102396298916,...,"2014-09-25 22:32:45"
366,"114 Jalib al-Shuyukh Manor",,Centre,585,60440,845378657301,...,"2014-09-25 22:30:25"
367,"1163 London Parkway",,Par,66,6066,675120358494,...,"2014-09-25 22:30:16"
368,"1658 Jastrzebie-Zdrj Loop",,Central,372,96584,568367775448,...,"2014-09-25 22:31:56"
369,"817 Laredo Avenue",,Jalisco,188,77449,151249681135,...,"2014-09-25 22:32:06"
370,"1565 Tangail Manor",,Okinawa,377,45750,634445428822,...,"2014-09-25 22:31:52"
371,"1912 Emeishan Drive",,Balikesir,50,33050,99883471275,...,"2014-09-25 22:33:22"
372,"230 Urawa Drive",,"Andhra Pradesh",8,2738,166898395731,...,"2014-09-25 22:31:09"
373,"1922 Miraj Way",,Esfahan,356,13203,320471479776,...,"2014-09-25 22:31:37"
374,"433 Florencia Street",,Chihuahua,250,91330,561729882725,...,"2014-09-25 22:32:08"
375,"1049 Matamoros Parkway",,Karnataka,191,69640,960505250340,...,"2014-09-25 22:31:16"
376,"1061 Ede Avenue",,"Southern Tagalog",98,57810,333390595558,...,"2014-09-25 22:32:35"
377,"154 Oshawa Manor",,"East Java",415,72771,440365973660,...,"2014-09-25 22:31:34"
378,"1191 Tandil Drive",,"Southern Tagalog",523,6362,45554316010,...,"2014-09-25 22:32:40"
379,"1133 Rizhao Avenue",,Pernambuco,572,2800,600264533987,...,"2014-09-25 22:30:23"
380,"1519 Santiago de los Caballeros Loop",,"East Kasai",348,22025,409315295763,...,"2014-09-25 22:30:53"
381,"1618 Olomouc Manor",,Kurgan,285,26385,96846695220,...,"2014-09-25 22:32:51"
382,"220 Hidalgo Drive",,Kermanshah,265,45298,342720754566,...,"2014-09-25 22:31:37"
383,"686 Donostia-San Sebastin Lane",,Guangdong,471,97390,71857599858,...,"2014-09-25 22:30:42"
384,"97 Mogiljov Lane",,Gujarat,73,89294,924815207181,...,"2014-09-25 22:31:11"
385,"1642 Charlotte Amalie Drive",,Slaskie,549,75442,821476736117,...,"2014-09-25 22:32:44"
386,"1368 Maracabo Boulevard",,,493,32716,934352415130,...,"2014-09-25 22:30:03"
387,"401 Sucre Boulevard",,"New Hampshire",322,25007,486395999608,...,"2014-09-25 22:33:56"
388,"368 Hunuco Boulevard",,Namibe,360,17165,106439158941,...,"2014-09-25 22:30:03"
389,"500 Lincoln Parkway",,Jiangsu,210,95509,550306965159,...,"2014-09-25 22:30:35"
390,"102 Chapra Drive",,Ibaragi,521,14073,776031833752,...,"2014-09-25 22:31:54"
391,"1793 Meixian Place",,Hmelnytskyi,258,33535,619966287415,...,"2014-09-25 22:33:31"
392,"514 Ife Way",,Shaba,315,69973,900235712074,...,"2014-09-25 22:30:53"
393,"717 Changzhou Lane",,"Southern Tagalog",104,21615,426255288071,...,"2014-09-25 22:32:36"
394,"753 Ilorin Avenue",,Sichuan,157,3656,464511145118,...,"2014-09-25 22:30:32"
395,"1337 Mit Ghamr Avenue",,"Nakhon Sawan",358,29810,175283210378,...,"2014-09-25 22:33:19"
396,"767 Pyongyang Drive",,Osaka,229,83536,667736124769,...,"2014-09-25 22:31:48"
397,"614 Pak Kret Street",,"Addis Abeba",6,27796,47808359842,...,"2014-09-25 22:30:59"
398,"954 Lapu-Lapu Way",,Moskova,278,8816,737229003916,...,"2014-09-25 22:32:51"
399,"331 Bydgoszcz Parkway",,Asturia,181,966,537374465982,...,"2014-09-25 22:33:09"
400,"1152 Citrus Heights Manor",,al-Qadarif,15,5239,765957414528,...,"2014-09-25 22:33:11"
401,"168 Cianjur Manor",,Saitama,228,73824,679095087143,...,"2014-09-25 22:31:48"
402,"616 Hagonoy Avenue",,Krasnojarsk,39,46043,604177838256,...,"2014-09-25 22:32:47"
403,"1190 0 Place",,"Rio Grande do Sul",44,10417,841876514789,...,"2014-09-25 22:30:16"
404,"734 Bchar Place",,Punjab,375,30586,280578750435,...,"2014-09-25 22:32:31"
405,"530 Lausanne Lane",,Texas,135,11067,775235029633,...,"2014-09-25 22:33:49"
406,"454 Patiala Lane",,Fukushima,276,13496,794553031307,...,"2014-09-25 22:31:49"
407,"1346 Mysore Drive",,Bretagne,92,61507,516647474029,...,"2014-09-25 22:31:00"
408,"990 Etawah Loop",,"Tamil Nadu",564,79940,206169448769,...,"2014-09-25 22:31:29"
409,"1266 Laredo Parkway",,Saitama,380,7664,1483365694,...,"2014-09-25 22:31:52"
410,"88 Nagaon Manor",,"Buenos Aires",524,86868,779461480495,...,"2014-09-25 22:30:07"
411,"264 Bhimavaram Manor",,"St Thomas",111,54749,302526949177,...,"2014-09-25 22:34:08"
412,"1639 Saarbrcken Drive",,"North West",437,9827,328494873422,...,"2014-09-25 22:33:05"
413,"692 Amroha Drive",,Northern,230,35575,359478883004,...,"2014-09-25 22:33:10"
414,"1936 Lapu-Lapu Parkway",,"Bauchi & Gombe",141,7122,653436985797,...,"2014-09-25 22:32:23"
415,"432 Garden Grove Street",,Ontario,430,65630,615964523510,...,"2014-09-25 22:30:28"
416,"1445 Carmen Parkway",,"West Java",117,70809,598912394463,...,"2014-09-25 22:31:30"
417,"791 Salinas Street",,Punjab,208,40509,129953030512,...,"2014-09-25 22:31:17"
418,"126 Acua Parkway",,"West Bengali",71,58888,480039662421,...,"2014-09-25 22:31:11"
419,"397 Sunnyvale Avenue",,Guanajuato,19,55566,680851640676,...,"2014-09-25 22:32:01"
420,"992 Klerksdorp Loop",,Utrecht,23,33711,855290087237,...,"2014-09-25 22:32:19"
421,"966 Arecibo Loop",,Sind,134,94018,15273765306,...,"2014-09-25 22:32:30"
422,"289 Santo Andr Manor",,al-Sharqiya,16,72410,214976066017,...,"2014-09-25 22:32:59"
423,"437 Chungho Drive",,"Puerto Plata",450,59489,491271355190,...,"2014-09-25 22:30:55"
424,"1948 Bayugan Parkway",,Bihar,264,60622,987306329957,...,"2014-09-25 22:31:19"
425,"1866 al-Qatif Avenue",,California,155,89420,546793516940,...,"2014-09-25 22:33:50"
426,"1661 Abha Drive",,"Tamil Nadu",416,14400,270456873752,...,"2014-09-25 22:31:23"
427,"1557 Cape Coral Parkway",,Hubei,293,46875,368284120423,...,"2014-09-25 22:30:38"
428,"1727 Matamoros Place",,Sawhaj,465,78813,129673677866,...,"2014-09-25 22:30:57"
429,"1269 Botosani Manor",,Guangdong,468,47394,736517327853,...,"2014-09-25 22:30:42"
430,"355 Vitria de Santo Anto Way",,Oaxaca,452,81758,548003849552,...,"2014-09-25 22:32:13"
431,"1596 Acua Parkway",,Jharkhand,418,70425,157133457169,...,"2014-09-25 22:31:24"
432,"259 Ipoh Drive",,"So Paulo",189,64964,419009857119,...,"2014-09-25 22:30:18"
433,"1823 Hoshiarpur Lane",,Komi,510,33191,307133768620,...,"2014-09-25 22:32:57"
434,"1404 Taguig Drive",,Okayama,547,87212,572068624538,...,"2014-09-25 22:31:54"
435,"740 Udaipur Lane",,"Nizni Novgorod",150,33505,497288595103,...,"2014-09-25 22:32:47"
436,"287 Cuautla Boulevard",,Chuquisaca,501,72736,82619513349,...,"2014-09-25 22:30:14"
437,"1766 Almirante Brown Street",,KwaZulu-Natal,364,63104,617567598243,...,"2014-09-25 22:33:04"
438,"596 Huixquilucan Place",,Nampula,351,65892,342709348083,...,"2014-09-25 22:32:17"
439,"1351 Aparecida de Goinia Parkway",,"Northern Mindanao",391,41775,959834530529,...,"2014-09-25 22:32:38"
440,"722 Bradford Lane",,Shandong,249,90920,746251338300,...,"2014-09-25 22:30:37"
441,"983 Santa F Way",,"British Colombia",565,47472,145720452260,...,"2014-09-25 22:30:28"
442,"1245 Ibirit Way",,"La Romana",290,40926,331888642162,...,"2014-09-25 22:30:54"
443,"1836 Korla Parkway",,Copperbelt,272,55405,689681677428,...,"2014-09-25 22:34:11"
444,"231 Kaliningrad Place",,Lombardia,70,57833,575081026569,...,"2014-09-25 22:31:42"
445,"495 Bhimavaram Lane",,Maharashtra,144,3,82088937724,...,"2014-09-25 22:31:15"
446,"1924 Shimonoseki Drive",,Batna,59,52625,406784385440,...,"2014-09-25 22:29:59"
447,"105 Dzerzinsk Manor",,"Inner Mongolia",540,48570,240776414296,...,"2014-09-25 22:30:44"
448,"614 Denizli Parkway",,"Rio Grande do Sul",486,29444,876491807547,...,"2014-09-25 22:30:22"
449,"1289 Belm Boulevard",,Tartumaa,530,88306,237368926031,...,"2014-09-25 22:30:58"
450,"203 Tambaram Street",,"Buenos Aires",161,73942,411549550611,...,"2014-09-25 22:30:05"
451,"1704 Tambaram Manor",,"West Bengali",554,2834,39463554936,...,"2014-09-25 22:31:28"
452,"207 Cuernavaca Loop",,Tatarstan,352,52671,782900030287,...,"2014-09-25 22:32:55"
453,"319 Springs Loop",,Baijeri,160,99552,72524459905,...,"2014-09-25 22:31:05"
454,"956 Nam Dinh Manor",,Kerman,481,21872,474047727727,...,"2014-09-25 22:31:39"
455,"1947 Paarl Way",,"Central Java",509,23636,834061016202,...,"2014-09-25 22:31:35"
456,"814 Simferopol Loop",,Sinaloa,154,48745,524567129902,...,"2014-09-25 22:32:05"
457,"535 Ahmadnagar Manor",,"Abu Dhabi",3,41136,985109775584,...,"2014-09-25 22:33:34"
458,"138 Caracas Boulevard",,Zulia,326,16790,974433019532,...,"2014-09-25 22:34:04"
459,"251 Florencia Drive",,"Michoacn de Ocampo",556,16119,118011831565,...,"2014-09-25 22:32:13"
460,"659 Gatineau Boulevard",,"La Paz",153,28587,205524798287,...,"2014-09-25 22:30:13"
461,"1889 Valparai Way",,Ziguinchor,600,75559,670370974122,...,"2014-09-25 22:33:01"
462,"1485 Bratislava Place",,Illinois,435,83183,924663855568,...,"2014-09-25 22:33:59"
463,"935 Aden Boulevard",,"Central Java",532,64709,335052544020,...,"2014-09-25 22:31:35"
464,"76 Kermanshah Manor",,Esfahan,423,23343,762361821578,...,"2014-09-25 22:31:37"
465,"734 Tanshui Avenue",,Caquet,170,70664,366776723320,...,"2014-09-25 22:30:52"
466,"118 Jaffna Loop",,"Northern Mindanao",182,10447,325526730021,...,"2014-09-25 22:32:36"
467,"1621 Tongliao Avenue",,Irkutsk,558,22173,209342540247,...,"2014-09-25 22:32:58"
468,"1844 Usak Avenue",,"Nova Scotia",196,84461,164414772677,...,"2014-09-25 22:30:27"
469,"1872 Toulon Loop",,OHiggins,428,7939,928809465153,...,"2014-09-25 22:30:30"
470,"1088 Ibirit Place",,Jalisco,595,88502,49084281333,...,"2014-09-25 22:32:15"
471,"1322 Mosul Parkway",,Shandong,145,95400,268053970382,...,"2014-09-25 22:30:32"
472,"1447 Chatsworth Place",,Chihuahua,129,41545,769370126331,...,"2014-09-25 22:32:04"
473,"1257 Guadalajara Street",,Karnataka,78,33599,195337700615,...,"2014-09-25 22:31:14"
474,"1469 Plock Lane",,Galicia,388,95835,622884741180,...,"2014-09-25 22:33:09"
475,"434 Ourense (Orense) Manor",,Hodeida,206,14122,562370137426,...,"2014-09-25 22:34:10"
476,"270 Tambaram Parkway",,Gauteng,244,9668,248446668735,...,"2014-09-25 22:33:03"
477,"1786 Salinas Place",,"Nam Ha",359,66546,206060652238,...,"2014-09-25 22:34:07"
478,"1078 Stara Zagora Drive",,Aceh,301,69221,932992626595,...,"2014-09-25 22:31:33"
479,"1854 Okara Boulevard",,Drenthe,158,42123,131912793873,...,"2014-09-25 22:32:21"
480,"421 Yaound Street",,Sumy,385,11363,726875628268,...,"2014-09-25 22:33:33"
481,"1153 Allende Way",,Qubec,179,20336,856872225376,...,"2014-09-25 22:30:26"
482,"808 Naala-Porto Parkway",,England,500,41060,553452430707,...,"2014-09-25 22:33:41"
483,"632 Usolje-Sibirskoje Parkway",,"Ha Darom",36,73085,667648979883,...,"2014-09-25 22:31:41"
484,"98 Pyongyang Boulevard",,Ohio,11,88749,191958435142,...,"2014-09-25 22:33:42"
485,"984 Novoterkassk Loop",,Gaziantep,180,28165,435118527255,...,"2014-09-25 22:33:25"
486,"64 Korla Street",,Mwanza,347,25145,510383179153,...,"2014-09-25 22:33:17"
487,"1785 So Bernardo do Campo Street",,Veracruz,125,71182,684529463244,...,"2014-09-25 22:32:04"
488,"698 Jelets Boulevard",,Denizli,142,2596,975185523021,...,"2014-09-25 22:33:24"
489,"1297 Alvorada Parkway",,Ningxia,587,11839,508348602835,...,"2014-09-25 22:30:49"
490,"1909 Dayton Avenue",,Guangdong,469,88513,702955450528,...,"2014-09-25 22:30:42"
491,"1789 Saint-Denis Parkway",,"Coahuila de Zaragoza",4,8268,936806643983,...,"2014-09-25 22:32:01"
492,"185 Mannheim Lane",,Stavropol,408,23661,589377568313,...,"2014-09-25 22:32:56"
493,"184 Mandaluyong Street",,"Baja California Sur",288,94239,488425406814,...,"2014-09-25 22:32:09"
494,"591 Sungai Petani Drive",,Okayama,376,46400,37247325001,...,"2014-09-25 22:31:51"
495,"656 Matamoros Drive",,Boyac,487,19489,17305839123,...,"2014-09-25 22:30:53"
496,"775 ostka Drive",,al-Daqahliya,337,22358,171973024401,...,"2014-09-25 22:30:57"
497,"1013 Tabuk Boulevard",,"West Bengali",261,96203,158399646978,...,"2014-09-25 22:31:19"
498,"319 Plock Parkway",,Istanbul,504,26101,854259976812,...,"2014-09-25 22:33:28"
499,"1954 Kowloon and New Kowloon Way",,Chimborazo,434,63667,898559280434,...,"2014-09-25 22:30:56"
500,"362 Rajkot Lane",,Gansu,47,98030,962020153680,...,"2014-09-25 22:30:31"
501,"1060 Tandil Lane",,Shandong,432,72349,211256301880,...,"2014-09-25 22:30:41"
502,"1515 Korla Way",,England,589,57197,959467760895,...,"2014-09-25 22:33:42"
503,"1416 San Juan Bautista Tuxtepec Avenue",,Zufar,444,50592,144206758053,...,"2014-09-25 22:32:29"
504,"1 Valle de Santiago Avenue",,Apulia,93,86208,465897838272,...,"2014-09-25 22:31:43"
505,"519 Brescia Parkway",,"East Java",318,69504,793996678771,...,"2014-09-25 22:31:33"
506,"414 Mandaluyong Street",,Lubelskie,314,16370,52709222667,...,"2014-09-25 22:32:43"
507,"1197 Sokoto Boulevard",,"West Bengali",478,87687,868602816371,...,"2014-09-25 22:31:27"
508,"496 Celaya Drive",,Nagano,552,90797,759586584889,...,"2014-09-25 22:31:54"
509,"786 Matsue Way",,Illinois,245,37469,111177206479,...,"2014-09-25 22:33:54"
510,"48 Maracabo Place",,"Central Luzon",519,1570,82671830126,...,"2014-09-25 22:32:39"
511,"1152 al-Qatif Lane",,"Kalimantan Barat",412,44816,131370665218,...,"2014-09-25 22:31:34"
512,"1269 Ipoh Avenue",,Eskisehir,163,54674,402630109080,...,"2014-09-25 22:33:24"
513,"758 Korolev Parkway",,"Andhra Pradesh",568,75474,441628280920,...,"2014-09-25 22:31:29"
514,"1747 Rustenburg Place",,Bihar,110,51369,442673923363,...,"2014-09-25 22:31:14"
515,"886 Tonghae Place",,Volgograd,259,19450,711928348157,...,"2014-09-25 22:32:50"
516,"1574 Goinia Boulevard",,Heilongjiang,502,39529,59634255214,...,"2014-09-25 22:30:43"
517,"548 Uruapan Street",,Ontario,312,35653,879347453467,...,"2014-09-25 22:33:38"
519,"962 Tama Loop",,,583,65952,282667506728,...,"2014-09-25 22:32:19"
520,"1778 Gijn Manor",,Hubei,594,35156,288910576761,...,"2014-09-25 22:30:50"
521,"568 Dhule (Dhulia) Loop",,Coquimbo,127,92568,602101369463,...,"2014-09-25 22:30:30"
522,"1768 Udine Loop",,Battambang,60,32347,448876499197,...,"2014-09-25 22:30:24"
523,"608 Birgunj Parkway",,Taipei,116,400,627425618482,...,"2014-09-25 22:33:14"
524,"680 A Corua (La Corua) Manor",,Sivas,482,49806,158326114853,...,"2014-09-25 22:33:28"
525,"1949 Sanya Street",,Gumma,224,61244,132100972047,...,"2014-09-25 22:31:47"
526,"617 Klerksdorp Place",,"Khanh Hoa",366,94707,574973479129,...,"2014-09-25 22:34:07"
527,"1993 0 Loop",,Liaoning,588,41214,25865528181,...,"2014-09-25 22:30:49"
528,"1176 Southend-on-Sea Manor",,"Southern Tagalog",458,81651,236679267178,...,"2014-09-25 22:32:39"
529,"600 Purnea (Purnia) Avenue",,"Nghe An",571,18043,638409958875,...,"2014-09-25 22:34:07"
530,"1003 Qinhuangdao Street",,"West Java",419,25972,35533115997,...,"2014-09-25 22:31:35"
531,"1986 Sivas Place",,"Friuli-Venezia Giuli",551,95775,182059202712,...,"2014-09-25 22:31:44"
532,"1427 Tabuk Place",,Florida,101,31342,214756839122,...,"2014-09-25 22:33:47"
533,"556 Asuncin Way",,Mogiljov,339,35364,338244023543,...,"2014-09-25 22:30:13"
534,"486 Ondo Parkway",,Benguela,67,35202,105882218332,...,"2014-09-25 22:30:02"
535,"635 Brest Manor",,"Andhra Pradesh",75,40899,80593242951,...,"2014-09-25 22:31:13"
536,"166 Jinchang Street",,"Buenos Aires",165,86760,717566026669,...,"2014-09-25 22:30:05"
537,"958 Sagamihara Lane",,Mie,287,88408,427274926505,...,"2014-09-25 22:31:50"
538,"1817 Livorno Way",,"Khanh Hoa",100,79401,478380208348,...,"2014-09-25 22:34:05"
539,"1332 Gaziantep Lane",,Shandong,80,22813,383353187467,...,"2014-09-25 22:30:31"
540,"949 Allende Lane",,"Uttar Pradesh",24,67521,122981120653,...,"2014-09-25 22:31:11"
541,"195 Ilorin Street",,Chari-Baguirmi,363,49250,8912935608,...,"2014-09-25 22:30:29"
542,"193 Bhusawal Place",,Kang-won,539,9750,745267607502,...,"2014-09-25 22:33:07"
543,"43 Vilnius Manor",,Colorado,42,79814,484500282381,...,"2014-09-25 22:33:44"
544,"183 Haiphong Street",,Jilin,46,69953,488600270038,...,"2014-09-25 22:30:30"
545,"163 Augusta-Richmond County Loop",,Carabobo,561,33030,754579047924,...,"2014-09-25 22:34:05"
546,"191 Jos Azueta Parkway",,Ruse,436,13629,932156667696,...,"2014-09-25 22:30:23"
547,"379 Lublin Parkway",,Toscana,309,74568,921960450089,...,"2014-09-25 22:31:44"
548,"1658 Cuman Loop",,"Sumatera Selatan",396,51309,784907335610,...,"2014-09-25 22:31:34"
549,"454 Qinhuangdao Drive",,Tadla-Azilal,68,25866,786270036240,...,"2014-09-25 22:32:16"
550,"1715 Okayama Street",,"So Paulo",485,55676,169352919175,...,"2014-09-25 22:30:22"
551,"182 Nukualofa Drive",,Sumy,275,15414,426346224043,...,"2014-09-25 22:33:32"
552,"390 Wroclaw Way",,Hainan,462,5753,357593328658,...,"2014-09-25 22:30:41"
553,"1421 Quilmes Lane",,Ishikawa,260,19151,135407755975,...,"2014-09-25 22:31:49"
554,"947 Trshavn Place",,"Central Luzon",528,841,50898428626,...,"2014-09-25 22:32:40"
555,"1764 Jalib al-Shuyukh Parkway",,Galicia,459,77642,84794532510,...,"2014-09-25 22:33:10"
556,"346 Cam Ranh Avenue",,Zhejiang,599,39976,978430786151,...,"2014-09-25 22:30:51"
557,"1407 Pachuca de Soto Place",,"Rio Grande do Sul",21,26284,380077794770,...,"2014-09-25 22:30:14"
558,"904 Clarksville Drive",,Zhejiang,193,52234,955349440539,...,"2014-09-25 22:30:34"
559,"1917 Kumbakonam Parkway",,Vojvodina,368,11892,698182547686,...,"2014-09-25 22:34:11"
560,"1447 Imus Place",,Gujarat,426,12905,62127829280,...,"2014-09-25 22:31:25"
561,"1497 Fengshan Drive",,KwaZulu-Natal,112,63022,368738360376,...,"2014-09-25 22:33:03"
562,"869 Shikarpur Way",,England,496,57380,590764256785,...,"2014-09-25 22:33:40"
563,"1059 Yuncheng Avenue",,Vilna,570,47498,107092893983,...,"2014-09-25 22:31:58"
564,"505 Madiun Boulevard",,Dolnoslaskie,577,97271,970638808606,...,"2014-09-25 22:32:44"
565,"1741 Hoshiarpur Boulevard",,al-Sharqiya,79,22372,855066328617,...,"2014-09-25 22:30:56"
566,"1229 Varanasi (Benares) Manor",,"Buenos Aires",43,40195,817740355461,...,"2014-09-25 22:30:04"
567,"1894 Boa Vista Way",,Texas,178,77464,239357986667,...,"2014-09-25 22:33:51"
568,"1342 Sharja Way",,"Sokoto & Kebbi & Zam",488,93655,946114054231,...,"2014-09-25 22:32:27"
569,"1342 Abha Boulevard",,Bukarest,95,10714,997453607116,...,"2014-09-25 22:32:46"
570,"415 Pune Avenue",,Shandong,580,44274,203202500108,...,"2014-09-25 22:30:47"
571,"1746 Faaa Way",,Huanuco,214,32515,863080561151,...,"2014-09-25 22:32:33"
572,"539 Hami Way",,Tokat,538,52196,525518075499,...,"2014-09-25 22:33:29"
573,"1407 Surakarta Manor",,Moskova,466,33224,324346485054,...,"2014-09-25 22:32:56"
574,"502 Mandi Bahauddin Parkway",,Anzotegui,55,15992,618156722572,...,"2014-09-25 22:34:03"
575,"1052 Pathankot Avenue",,Sichuan,299,77397,128499386727,...,"2014-09-25 22:30:39"
576,"1351 Sousse Lane",,"Coahuila de Zaragoza",341,37815,203804046132,...,"2014-09-25 22:32:10"
577,"1501 Pangkal Pinang Avenue",,Mazowieckie,409,943,770864062795,...,"2014-09-25 22:32:43"
578,"1405 Hagonoy Avenue",,Slaskie,133,86587,867287719310,...,"2014-09-25 22:32:42"
579,"521 San Juan Bautista Tuxtepec Place",,Qaraghandy,598,95093,844018348565,...,"2014-09-25 22:31:56"
580,"923 Tangail Boulevard",,Tokyo-to,10,33384,315528269898,...,"2014-09-25 22:31:45"
581,"186 Skikda Lane",,Morelos,131,89422,14465669789,...,"2014-09-25 22:32:05"
582,"1568 Celaya Parkway",,Kaohsiung,168,34750,278669994384,...,"2014-09-25 22:33:15"
583,"1489 Kakamigahara Lane",,Taipei,526,98883,29341849811,...,"2014-09-25 22:33:16"
584,"1819 Alessandria Loop",,Campeche,103,53829,377633994405,...,"2014-09-25 22:32:02"
585,"1208 Tama Loop",,Ninawa,344,73605,954786054144,...,"2014-09-25 22:31:40"
586,"951 Springs Lane",,"Central Mindanao",219,96115,165164761435,...,"2014-09-25 22:32:37"
587,"760 Miyakonojo Drive",,Guerrero,246,64682,294449058179,...,"2014-09-25 22:32:08"
588,"966 Asuncin Way",,Hidalgo,212,62703,995527378381,...,"2014-09-25 22:32:07"
589,"1584 Ljubertsy Lane",,England,494,22954,285710089439,...,"2014-09-25 22:33:38"
590,"247 Jining Parkway",,Banjul,54,53446,170115379190,...,"2014-09-25 22:31:04"
591,"773 Dallas Manor",,"Buenos Aires",424,12664,914466027044,...,"2014-09-25 22:30:06"
592,"1923 Stara Zagora Lane",,Nantou,546,95179,182178609211,...,"2014-09-25 22:33:17"
593,"1402 Zanzibar Boulevard",,Guanajuato,106,71102,387448063440,...,"2014-09-25 22:32:03"
594,"1464 Kursk Parkway",,Shandong,574,17381,338758048786,...,"2014-09-25 22:30:44"
595,"1074 Sanaa Parkway",,Loja,311,22474,154124128457,...,"2014-09-25 22:30:55"
596,"1759 Niznekamsk Avenue",,al-Manama,14,39414,864392582257,...,"2014-09-25 22:30:11"
597,"32 Liaocheng Way",,"Minas Gerais",248,1944,410877354933,...,"2014-09-25 22:30:19"
598,"42 Fontana Avenue",,Fejr,512,14684,437829801725,...,"2014-09-25 22:31:09"
599,"1895 Zhezqazghan Drive",,California,177,36693,137809746111,...,"2014-09-25 22:33:51"
600,"1837 Kaduna Parkway",,"Inner Mongolia",241,82580,640843562301,...,"2014-09-25 22:30:37"
601,"844 Bucuresti Place",,Liaoning,242,36603,935952366111,...,"2014-09-25 22:30:37"
602,"1101 Bucuresti Boulevard",,"West Greece",401,97661,199514580428,...,"2014-09-25 22:31:07"
603,"1103 Quilmes Boulevard",,Piura,503,52137,644021380889,...,"2014-09-25 22:32:34"
604,"1331 Usak Boulevard",,Vaud,296,61960,145308717464,...,"2014-09-25 22:33:14"
605,"1325 Fukuyama Street",,Heilongjiang,537,27107,288241215394,...,"2014-09-25 22:30:44"
