payment_id,customer_id,staff_id,rental_id,amount,payment_date,last_update
1,1,1,76,2.99,"2005-05-25 11:30:37","2006-02-15 22:12:30"
2,1,1,573,0.99,"2005-05-28 10:35:23","2006-02-15 22:12:30"
3,1,1,1185,5.99,"2005-06-15 00:54:12","2006-02-15 22:12:30"
4,1,2,1422,0.99,"2005-06-15 18:02:53","2006-02-15 22:12:30"
5,1,2,1476,9.99,"2005-06-15 21:08:46","2006-02-15 22:12:30"
6,1,1,1725,4.99,"2005-06-16 15:18:57","2006-02-15 22:12:30"
7,1,1,2308,4.99,"2005-06-18 08:41:48","2006-02-15 22:12:30"
8,1,2,2363,0.99,"2005-06-18 13:33:59","2006-02-15 22:12:30"
9,1,1,3284,3.99,"2005-06-21 06:24:45","2006-02-15 22:12:30"
10,1,2,4526,5.99,"2005-07-08 03:17:05","2006-02-15 22:12:30"
11,1,1,4611,5.99,"2005-07-08 07:33:56","2006-02-15 22:12:30"
12,1,1,5244,4.99,"2005-07-09 13:24:07","2006-02-15 22:12:30"
13,1,1,5326,4.99,"2005-07-09 16:38:01","2006-02-15 22:12:30"
14,1,1,6163,7.99,"2005-07-11 10:13:46","2006-02-15 22:12:30"
15,1,2,7273,2.99,"2005-07-27 11:31:22","2006-02-15 22:12:30"
16,1,1,7841,4.99,"2005-07-28 09:04:45","2006-02-15 22:12:30"
17,1,2,8033,4.99,"2005-07-28 16:18:23","2006-02-15 22:12:30"
18,1,1,8074,0.99,"2005-07-28 17:33:39","2006-02-15 22:12:30"
19,1,2,8116,0.99,"2005-07-28 19:20:07","2006-02-15 22:12:30"
20,1,2,8326,2.99,"2005-07-29 03:58:49","2006-02-15 22:12:30"
21,1,2,9571,2.99,"2005-07-31 02:42:18","2006-02-15 22:12:30"
22,1,2,10437,4.99,"2005-08-01 08:51:04","2006-02-15 22:12:30"
23,1,2,11299,3.99,"2005-08-02 15:36:52","2006-02-15 22:12:30"
24,1,1,11367,0.99,"2005-08-02 18:01:38","2006-02-15 22:12:30"
25,1,2,11824,4.99,"2005-08-17 12:37:54","2006-02-15 22:12:30"
26,1,1,12250,0.99,"2005-08-18 03:57:29","2006-02-15 22:12:30"
27,1,2,13068,0.99,"2005-08-19 09:55:16","2006-02-15 22:12:30"
28,1,2,13176,2.99,"2005-08-19 13:56:54","2006-02-15 22:12:30"
29,1,1,14762,0.99,"2005-08-21 23:33:57","2006-02-15 22:12:30"
30,1,1,14825,1.99,"2005-08-22 01:27:57","2006-02-15 22:12:30"
31,1,2,15298,2.99,"2005-08-22 19:41:37","2006-02-15 22:12:30"
32,1,1,15315,5.99,"2005-08-22 20:03:46","2006-02-15 22:12:30"
33,2,1,320,4.99,"2005-05-27 00:09:24","2006-02-15 22:12:30"
34,2,1,2128,2.99,"2005-06-17 20:54:58","2006-02-15 22:12:30"
35,2,1,5636,2.99,"2005-07-10 06:31:24","2006-02-15 22:12:30"
36,2,1,5755,6.99,"2005-07-10 12:38:56","2006-02-15 22:12:30"
37,2,2,7346,4.99,"2005-07-27 14:30:42","2006-02-15 22:12:30"
38,2,1,7376,5.99,"2005-07-27 15:23:02","2006-02-15 22:12:30"
39,2,2,7459,5.99,"2005-07-27 18:40:20","2006-02-15 22:12:30"
40,2,2,8230,5.99,"2005-07-29 00:12:59","2006-02-15 22:12:30"
41,2,1,8598,2.99,"2005-07-29 12:56:59","2006-02-15 22:12:30"
42,2,2,8705,5.99,"2005-07-29 17:14:29","2006-02-15 22:12:30"
43,2,1,9031,4.99,"2005-07-30 06:06:10","2006-02-15 22:12:30"
44,2,2,9236,10.99,"2005-07-30 13:47:43","2006-02-15 22:12:30"
45,2,2,9248,0.99,"2005-07-30 14:14:11","2006-02-15 22:12:30"
46,2,2,9296,6.99,"2005-07-30 16:21:13","2006-02-15 22:12:30"
47,2,2,9465,6.99,"2005-07-30 22:39:53","2006-02-15 22:12:30"
48,2,1,10136,2.99,"2005-07-31 21:58:56","2006-02-15 22:12:30"
49,2,1,10466,0.99,"2005-08-01 09:45:26","2006-02-15 22:12:30"
50,2,1,10918,0.99,"2005-08-02 02:10:56","2006-02-15 22:12:30"
51,2,1,11087,5.99,"2005-08-02 07:41:41","2006-02-15 22:12:30"
52,2,1,11177,6.99,"2005-08-02 10:43:48","2006-02-15 22:12:30"
53,2,2,11256,2.99,"2005-08-02 13:44:53","2006-02-15 22:12:30"
54,2,1,11614,2.99,"2005-08-17 03:52:18","2006-02-15 22:12:30"
55,2,1,12963,2.99,"2005-08-19 06:26:04","2006-02-15 22:12:30"
56,2,1,14475,4.99,"2005-08-21 13:24:32","2006-02-15 22:12:30"
57,2,2,14743,5.99,"2005-08-21 22:41:56","2006-02-15 22:12:30"
58,2,2,15145,4.99,"2005-08-22 13:53:04","2006-02-15 22:12:30"
59,2,2,15907,4.99,"2005-08-23 17:39:35","2006-02-15 22:12:30"
60,3,1,435,1.99,"2005-05-27 17:17:09","2006-02-15 22:12:30"
61,3,1,830,2.99,"2005-05-29 22:43:55","2006-02-15 22:12:30"
62,3,1,1546,8.99,"2005-06-16 01:34:05","2006-02-15 22:12:30"
63,3,1,1726,6.99,"2005-06-16 15:19:10","2006-02-15 22:12:30"
64,3,2,1911,6.99,"2005-06-17 05:15:15","2006-02-15 22:12:30"
65,3,1,2628,2.99,"2005-06-19 08:34:53","2006-02-15 22:12:30"
66,3,1,4180,4.99,"2005-07-07 10:23:25","2006-02-15 22:12:30"
67,3,1,4725,4.99,"2005-07-08 12:47:11","2006-02-15 22:12:30"
68,3,1,7096,5.99,"2005-07-27 04:54:42","2006-02-15 22:12:30"
69,3,2,7503,10.99,"2005-07-27 20:23:12","2006-02-15 22:12:30"
70,3,2,7703,7.99,"2005-07-28 03:59:21","2006-02-15 22:12:30"
71,3,2,7724,6.99,"2005-07-28 04:46:30","2006-02-15 22:12:30"
72,3,1,7911,4.99,"2005-07-28 11:46:45","2006-02-15 22:12:30"
73,3,2,8086,4.99,"2005-07-28 18:17:14","2006-02-15 22:12:30"
74,3,1,8545,2.99,"2005-07-29 11:07:04","2006-02-15 22:12:30"
75,3,1,9226,1.99,"2005-07-30 13:31:20","2006-02-15 22:12:30"
76,3,2,9443,3.99,"2005-07-30 21:45:46","2006-02-15 22:12:30"
77,3,1,9595,2.99,"2005-07-31 03:27:58","2006-02-15 22:12:30"
78,3,2,9816,4.99,"2005-07-31 11:32:58","2006-02-15 22:12:30"
79,3,2,10597,5.99,"2005-08-01 14:19:48","2006-02-15 22:12:30"
80,3,2,12556,4.99,"2005-08-18 14:49:55","2006-02-15 22:12:30"
81,3,1,13403,8.99,"2005-08-19 22:18:07","2006-02-15 22:12:30"
82,3,2,13610,2.99,"2005-08-20 06:14:12","2006-02-15 22:12:30"
83,3,2,14699,8.99,"2005-08-21 20:50:48","2006-02-15 22:12:30"
84,3,2,15038,0.99,"2005-08-22 09:37:27","2006-02-15 22:12:30"
85,3,1,15619,2.99,"2005-08-23 07:10:14","2006-02-15 22:12:30"
86,4,1,1297,4.99,"2005-06-15 09:31:28","2006-02-15 22:12:30"
87,4,1,1633,0.99,"2005-06-16 08:08:40","2006-02-15 22:12:30"
88,4,2,1707,2.99,"2005-06-16 14:01:27","2006-02-15 22:12:30"
89,4,2,1735,0.99,"2005-06-16 15:51:52","2006-02-15 22:12:30"
90,4,2,2043,0.99,"2005-06-17 14:31:12","2006-02-15 22:12:30"
91,4,1,2642,5.99,"2005-06-19 09:39:01","2006-02-15 22:12:30"
92,4,1,7660,2.99,"2005-07-28 02:10:10","2006-02-15 22:12:30"
93,4,2,7718,2.99,"2005-07-28 04:37:59","2006-02-15 22:12:30"
94,4,1,8741,3.99,"2005-07-29 18:44:57","2006-02-15 22:12:30"
95,4,1,9100,5.99,"2005-07-30 08:46:09","2006-02-15 22:12:30"
96,4,1,9371,5.99,"2005-07-30 18:58:00","2006-02-15 22:12:30"
97,4,2,11069,0.99,"2005-08-02 07:09:34","2006-02-15 22:12:30"
98,4,1,11110,2.99,"2005-08-02 08:20:31","2006-02-15 22:12:30"
99,4,2,11529,4.99,"2005-08-17 00:28:01","2006-02-15 22:12:30"
100,4,1,12151,2.99,"2005-08-18 00:14:03","2006-02-15 22:12:30"
101,4,2,12294,8.99,"2005-08-18 05:14:44","2006-02-15 22:12:30"
102,4,2,12856,1.99,"2005-08-19 02:19:13","2006-02-15 22:12:30"
103,4,1,13704,2.99,"2005-08-20 09:32:04","2006-02-15 22:12:30"
104,4,1,13807,6.99,"2005-08-20 12:55:40","2006-02-15 22:12:30"
105,4,2,14225,4.99,"2005-08-21 04:53:37","2006-02-15 22:12:30"
106,4,1,15147,2.99,"2005-08-22 13:58:23","2006-02-15 22:12:30"
107,4,2,15635,1.99,"2005-08-23 07:43:00","2006-02-15 22:12:30"
108,5,1,731,0.99,"2005-05-29 07:25:16","2006-02-15 22:12:30"
109,5,1,1085,6.99,"2005-05-31 11:15:43","2006-02-15 22:12:30"
110,5,1,1142,1.99,"2005-05-31 19:46:38","2006-02-15 22:12:30"
111,5,1,1502,3.99,"2005-06-15 22:03:14","2006-02-15 22:12:30"
112,5,2,1631,2.99,"2005-06-16 08:01:02","2006-02-15 22:12:30"
113,5,2,2063,4.99,"2005-06-17 15:56:53","2006-02-15 22:12:30"
114,5,2,2570,2.99,"2005-06-19 04:20:13","2006-02-15 22:12:30"
115,5,2,3126,4.99,"2005-06-20 18:38:22","2006-02-15 22:12:30"
116,5,2,3677,4.99,"2005-07-06 09:11:58","2006-02-15 22:12:30"
117,5,2,4889,2.99,"2005-07-08 20:04:43","2006-02-15 22:12:30"
118,5,1,5016,4.99,"2005-07-09 01:57:57","2006-02-15 22:12:30"
119,5,2,5118,5.99,"2005-07-09 07:13:52","2006-02-15 22:12:30"
120,5,2,5156,1.99,"2005-07-09 08:51:42","2006-02-15 22:12:30"
121,5,2,5721,0.99,"2005-07-10 11:09:35","2006-02-15 22:12:30"
122,5,1,6042,8.99,"2005-07-11 03:17:04","2006-02-15 22:12:30"
123,5,1,6663,3.99,"2005-07-12 11:27:35","2006-02-15 22:12:30"
124,5,2,6685,4.99,"2005-07-12 12:16:28","2006-02-15 22:12:30"
125,5,2,7293,0.99,"2005-07-27 12:37:28","2006-02-15 22:12:30"
126,5,2,7652,0.99,"2005-07-28 01:50:29","2006-02-15 22:12:30"
127,5,2,7829,3.99,"2005-07-28 08:43:39","2006-02-15 22:12:30"
128,5,1,8263,2.99,"2005-07-29 01:11:23","2006-02-15 22:12:30"
129,5,1,8978,1.99,"2005-07-30 04:14:28","2006-02-15 22:12:30"
130,5,1,9493,4.99,"2005-07-30 23:52:30","2006-02-15 22:12:30"
131,5,1,9888,3.99,"2005-07-31 14:00:53","2006-02-15 22:12:30"
132,5,2,10609,4.99,"2005-08-01 14:48:45","2006-02-15 22:12:30"
133,5,1,10625,0.99,"2005-08-01 15:27:10","2006-02-15 22:12:30"
134,5,2,11001,4.99,"2005-08-02 04:56:45","2006-02-15 22:12:30"
135,5,1,11179,4.99,"2005-08-02 10:50:06","2006-02-15 22:12:30"
136,5,2,11930,3.99,"2005-08-17 16:28:53","2006-02-15 22:12:30"
137,5,1,12145,9.99,"2005-08-18 00:10:04","2006-02-15 22:12:30"
138,5,1,12797,2.99,"2005-08-19 00:24:08","2006-02-15 22:12:30"
139,5,1,13063,1.99,"2005-08-19 09:45:41","2006-02-15 22:12:30"
140,5,2,13877,0.99,"2005-08-20 15:16:18","2006-02-15 22:12:30"
141,5,2,14053,6.99,"2005-08-20 22:13:59","2006-02-15 22:12:30"
142,5,1,14430,6.99,"2005-08-21 11:31:11","2006-02-15 22:12:30"
143,5,2,14494,2.99,"2005-08-21 14:02:50","2006-02-15 22:12:30"
144,5,2,15232,0.99,"2005-08-22 17:37:02","2006-02-15 22:12:30"
145,5,2,13209,0.99,"2006-02-14 15:16:03","2006-02-15 22:12:30"
146,6,2,57,4.99,"2005-05-25 08:43:32","2006-02-15 22:12:30"
147,6,1,577,2.99,"2005-05-28 11:09:14","2006-02-15 22:12:30"
148,6,2,916,0.99,"2005-05-30 11:25:01","2006-02-15 22:12:30"
149,6,1,1575,3.99,"2005-06-16 03:41:38","2006-02-15 22:12:30"
150,6,2,1841,2.99,"2005-06-16 23:44:13","2006-02-15 22:12:30"
151,6,1,1966,0.99,"2005-06-17 09:19:45","2006-02-15 22:12:30"
152,6,1,2345,0.99,"2005-06-18 12:03:23","2006-02-15 22:12:30"
153,6,2,3983,0.99,"2005-07-06 23:14:21","2006-02-15 22:12:30"
154,6,2,4278,2.99,"2005-07-07 14:53:24","2006-02-15 22:12:30"
155,6,1,5553,0.99,"2005-07-10 03:03:35","2006-02-15 22:12:30"
156,6,2,6211,5.99,"2005-07-11 12:39:01","2006-02-15 22:12:30"
157,6,1,6248,7.99,"2005-07-11 15:01:54","2006-02-15 22:12:30"
158,6,2,6686,0.99,"2005-07-12 12:18:38","2006-02-15 22:12:30"
159,6,2,7099,2.99,"2005-07-27 05:03:44","2006-02-15 22:12:30"
160,6,2,7136,2.99,"2005-07-27 06:38:25","2006-02-15 22:12:30"
161,6,1,8101,0.99,"2005-07-28 18:47:23","2006-02-15 22:12:30"
162,6,1,10271,2.99,"2005-08-01 03:13:39","2006-02-15 22:12:30"
163,6,1,11023,2.99,"2005-08-02 05:36:38","2006-02-15 22:12:30"
164,6,1,11398,3.99,"2005-08-02 18:55:15","2006-02-15 22:12:30"
165,6,1,11591,6.99,"2005-08-17 02:29:41","2006-02-15 22:12:30"
166,6,1,11727,0.99,"2005-08-17 08:12:20","2006-02-15 22:12:30"
167,6,1,11853,0.99,"2005-08-17 13:39:32","2006-02-15 22:12:30"
168,6,2,12254,2.99,"2005-08-18 04:05:29","2006-02-15 22:12:30"
169,6,2,13451,6.99,"2005-08-20 00:18:25","2006-02-15 22:12:30"
170,6,1,14329,7.99,"2005-08-21 08:22:56","2006-02-15 22:12:30"
171,6,1,14377,4.99,"2005-08-21 09:49:28","2006-02-15 22:12:30"
172,6,1,15509,5.99,"2005-08-23 02:51:24","2006-02-15 22:12:30"
173,6,2,15603,0.99,"2005-08-23 06:41:32","2006-02-15 22:12:30"
174,7,2,46,5.99,"2005-05-25 06:04:08","2006-02-15 22:12:30"
175,7,2,117,0.99,"2005-05-25 19:30:46","2006-02-15 22:12:30"
176,7,2,748,2.99,"2005-05-29 09:27:00","2006-02-15 22:12:30"
177,7,1,975,4.99,"2005-05-30 21:07:15","2006-02-15 22:12:30"
178,7,1,1063,5.99,"2005-05-31 08:44:29","2006-02-15 22:12:30"
179,7,2,1810,0.99,"2005-06-16 21:06:00","2006-02-15 22:12:30"
180,7,1,2250,2.99,"2005-06-18 05:03:36","2006-02-15 22:12:31"
181,7,1,2709,0.99,"2005-06-19 14:00:26","2006-02-15 22:12:31"
182,7,1,2888,4.99,"2005-06-20 01:50:56","2006-02-15 22:12:31"
183,7,1,3007,0.99,"2005-06-20 10:11:53","2006-02-15 22:12:31"
184,7,2,3639,5.99,"2005-07-06 07:09:17","2006-02-15 22:12:31"
185,7,2,4238,2.99,"2005-07-07 13:22:20","2006-02-15 22:12:31"
186,7,2,4787,5.99,"2005-07-08 16:16:04","2006-02-15 22:12:31"
187,7,1,4856,4.99,"2005-07-08 18:47:38","2006-02-15 22:12:31"
188,7,1,5441,8.99,"2005-07-09 21:52:05","2006-02-15 22:12:31"
189,7,1,5921,7.99,"2005-07-10 21:35:12","2006-02-15 22:12:31"
190,7,1,6174,1.99,"2005-07-11 10:36:28","2006-02-15 22:12:31"
191,7,1,6295,2.99,"2005-07-11 17:30:58","2006-02-15 22:12:31"
192,7,2,6761,3.99,"2005-07-12 15:17:42","2006-02-15 22:12:31"
193,7,2,8422,5.99,"2005-07-29 07:02:55","2006-02-15 22:12:31"
194,7,2,9624,7.99,"2005-07-31 04:30:03","2006-02-15 22:12:31"
195,7,2,10330,6.99,"2005-08-01 04:57:04","2006-02-15 22:12:31"
196,7,1,10423,5.99,"2005-08-01 08:19:53","2006-02-15 22:12:31"
197,7,1,10514,4.99,"2005-08-01 11:39:26","2006-02-15 22:12:31"
198,7,2,10644,4.99,"2005-08-01 15:52:00","2006-02-15 22:12:31"
199,7,2,10989,3.99,"2005-08-02 04:40:54","2006-02-15 22:12:31"
200,7,2,11542,7.99,"2005-08-17 00:51:32","2006-02-15 22:12:31"
201,7,1,12367,8.99,"2005-08-18 07:57:14","2006-02-15 22:12:31"
202,7,1,12730,2.99,"2005-08-18 21:55:01","2006-02-15 22:12:31"
203,7,2,13373,2.99,"2005-08-19 21:23:31","2006-02-15 22:12:31"
204,7,1,13476,2.99,"2005-08-20 01:06:04","2006-02-15 22:12:31"
205,7,1,13594,0.99,"2005-08-20 05:53:31","2006-02-15 22:12:31"
206,7,1,14222,5.99,"2005-08-21 04:49:48","2006-02-15 22:12:31"
207,8,2,866,6.99,"2005-05-30 03:43:54","2006-02-15 22:12:31"
208,8,2,1305,2.99,"2005-06-15 09:59:16","2006-02-15 22:12:31"
209,8,1,2095,5.99,"2005-06-17 18:21:35","2006-02-15 22:12:31"
210,8,2,3114,4.99,"2005-06-20 17:57:47","2006-02-15 22:12:31"
211,8,1,3475,5.99,"2005-07-05 23:01:21","2006-02-15 22:12:31"
212,8,1,4003,0.99,"2005-07-07 00:09:02","2006-02-15 22:12:31"
213,8,2,4175,2.99,"2005-07-07 10:02:03","2006-02-15 22:12:31"
214,8,2,4409,3.99,"2005-07-07 21:47:29","2006-02-15 22:12:31"
215,8,1,4503,3.99,"2005-07-08 02:17:12","2006-02-15 22:12:31"
216,8,1,5300,2.99,"2005-07-09 15:40:46","2006-02-15 22:12:31"
217,8,2,5341,2.99,"2005-07-09 17:13:23","2006-02-15 22:12:31"
218,8,1,6375,4.99,"2005-07-11 21:39:46","2006-02-15 22:12:31"
219,8,1,6647,0.99,"2005-07-12 10:43:53","2006-02-15 22:12:31"
220,8,1,8809,1.99,"2005-07-29 21:42:49","2006-02-15 22:12:31"
221,8,2,9629,2.99,"2005-07-31 04:54:43","2006-02-15 22:12:31"
222,8,2,10141,0.99,"2005-07-31 22:08:29","2006-02-15 22:12:31"
223,8,2,10561,2.99,"2005-08-01 13:05:35","2006-02-15 22:12:31"
224,8,1,11232,9.99,"2005-08-02 13:04:12","2006-02-15 22:12:31"
225,8,2,11284,2.99,"2005-08-02 14:42:45","2006-02-15 22:12:31"
226,8,1,12613,2.99,"2005-08-18 17:16:01","2006-02-15 22:12:31"
227,8,1,14114,0.99,"2005-08-21 01:07:11","2006-02-15 22:12:31"
228,8,1,15374,7.99,"2005-08-22 22:09:09","2006-02-15 22:12:31"
229,8,1,15764,2.99,"2005-08-23 13:05:10","2006-02-15 22:12:31"
230,8,1,15805,4.99,"2005-08-23 14:31:19","2006-02-15 22:12:31"
231,9,2,350,4.99,"2005-05-27 05:01:28","2006-02-15 22:12:31"
232,9,2,877,0.99,"2005-05-30 05:48:59","2006-02-15 22:12:31"
233,9,2,1075,4.99,"2005-05-31 10:13:34","2006-02-15 22:12:31"
234,9,2,3142,7.99,"2005-06-20 19:59:28","2006-02-15 22:12:31"
235,9,2,3262,4.99,"2005-06-21 04:08:43","2006-02-15 22:12:31"
236,9,1,4454,2.99,"2005-07-07 23:37:00","2006-02-15 22:12:31"
237,9,2,4748,0.99,"2005-07-08 13:59:38","2006-02-15 22:12:31"
238,9,1,4796,1.99,"2005-07-08 16:35:44","2006-02-15 22:12:31"
239,9,1,5659,2.99,"2005-07-10 07:45:40","2006-02-15 22:12:31"
240,9,2,6019,4.99,"2005-07-11 02:08:29","2006-02-15 22:12:31"
241,9,1,6165,5.99,"2005-07-11 10:17:29","2006-02-15 22:12:31"
242,9,2,7616,0.99,"2005-07-28 00:15:26","2006-02-15 22:12:31"
243,9,1,7801,2.99,"2005-07-28 07:51:56","2006-02-15 22:12:31"
244,9,1,9043,4.99,"2005-07-30 06:34:07","2006-02-15 22:12:31"
245,9,1,10451,0.99,"2005-08-01 09:11:25","2006-02-15 22:12:31"
246,9,1,10454,4.99,"2005-08-01 09:14:00","2006-02-15 22:12:31"
247,9,2,11400,5.99,"2005-08-02 19:00:52","2006-02-15 22:12:31"
248,9,1,11556,0.99,"2005-08-17 01:11:53","2006-02-15 22:12:31"
249,9,1,12228,2.99,"2005-08-18 03:08:10","2006-02-15 22:12:31"
250,9,1,12309,2.99,"2005-08-18 05:58:40","2006-02-15 22:12:31"
251,9,2,12652,4.99,"2005-08-18 18:48:58","2006-02-15 22:12:31"
252,9,2,14489,7.99,"2005-08-21 13:53:59","2006-02-15 22:12:31"
253,9,1,15813,4.99,"2006-02-14 15:16:03","2006-02-15 22:12:31"
254,10,2,1140,4.99,"2005-05-31 19:36:30","2006-02-15 22:12:31"
255,10,1,1801,4.99,"2005-06-16 20:21:53","2006-02-15 22:12:31"
256,10,1,1995,4.99,"2005-06-17 11:11:14","2006-02-15 22:12:31"
257,10,2,2222,3.99,"2005-06-18 03:26:23","2006-02-15 22:12:31"
258,10,1,2814,0.99,"2005-06-19 20:01:59","2006-02-15 22:12:31"
259,10,1,2865,0.99,"2005-06-20 00:00:55","2006-02-15 22:12:31"
260,10,2,3790,3.99,"2005-07-06 14:13:45","2006-02-15 22:12:31"
261,10,2,4042,4.99,"2005-07-07 03:06:40","2006-02-15 22:12:31"
262,10,1,4255,1.99,"2005-07-07 14:14:13","2006-02-15 22:12:31"
263,10,1,5038,7.99,"2005-07-09 03:12:52","2006-02-15 22:12:31"
264,10,2,5068,2.99,"2005-07-09 04:53:18","2006-02-15 22:12:31"
265,10,1,5444,0.99,"2005-07-09 21:58:57","2006-02-15 22:12:31"
266,10,1,5905,2.99,"2005-07-10 20:41:09","2006-02-15 22:12:31"
267,10,1,7738,2.99,"2005-07-28 05:21:42","2006-02-15 22:12:31"
268,10,2,8001,6.99,"2005-07-28 15:10:55","2006-02-15 22:12:31"
269,10,2,8188,4.99,"2005-07-28 22:34:12","2006-02-15 22:12:31"
270,10,1,9935,4.99,"2005-07-31 15:27:07","2006-02-15 22:12:31"
271,10,2,10671,8.99,"2005-08-01 17:09:59","2006-02-15 22:12:31"
272,10,2,11289,2.99,"2005-08-02 14:55:00","2006-02-15 22:12:31"
273,10,1,11405,0.99,"2005-08-02 19:13:39","2006-02-15 22:12:31"
274,10,2,12031,2.99,"2005-08-17 20:11:35","2006-02-15 22:12:31"
275,10,2,12400,2.99,"2005-08-18 09:19:12","2006-02-15 22:12:31"
276,10,2,13316,4.99,"2005-08-19 19:23:30","2006-02-15 22:12:31"
277,10,2,13917,2.99,"2005-08-20 16:43:28","2006-02-15 22:12:31"
278,10,1,15370,5.99,"2005-08-22 21:59:29","2006-02-15 22:12:31"
279,11,1,987,6.99,"2005-05-30 22:59:12","2006-02-15 22:12:31"
280,11,1,1470,6.99,"2005-06-15 20:53:07","2006-02-15 22:12:31"
281,11,1,1939,7.99,"2005-06-17 07:26:45","2006-02-15 22:12:31"
282,11,1,3192,0.99,"2005-06-20 23:49:12","2006-02-15 22:12:31"
283,11,2,4608,2.99,"2005-07-08 07:19:11","2006-02-15 22:12:31"
284,11,1,4943,4.99,"2005-07-08 22:43:05","2006-02-15 22:12:31"
285,11,2,5835,5.99,"2005-07-10 16:44:58","2006-02-15 22:12:31"
286,11,2,6146,6.99,"2005-07-11 09:09:59","2006-02-15 22:12:31"
287,11,1,7314,4.99,"2005-07-27 13:13:32","2006-02-15 22:12:31"
288,11,1,8014,4.99,"2005-07-28 15:32:07","2006-02-15 22:12:31"
289,11,2,8100,2.99,"2005-07-28 18:43:11","2006-02-15 22:12:31"
290,11,2,8447,1.99,"2005-07-29 07:38:14","2006-02-15 22:12:31"
291,11,1,8715,0.99,"2005-07-29 17:33:45","2006-02-15 22:12:31"
292,11,1,8950,9.99,"2005-07-30 03:17:13","2006-02-15 22:12:31"
293,11,2,9292,6.99,"2005-07-30 16:08:21","2006-02-15 22:12:31"
294,11,1,10812,4.99,"2005-08-01 22:41:16","2006-02-15 22:12:31"
295,11,2,11166,6.99,"2005-08-02 10:14:58","2006-02-15 22:12:31"
296,11,2,11502,0.99,"2005-08-16 23:06:30","2006-02-15 22:12:31"
297,11,2,12015,5.99,"2005-08-17 19:32:44","2006-02-15 22:12:31"
298,11,2,13572,0.99,"2005-08-20 05:07:27","2006-02-15 22:12:31"
299,11,1,13790,4.99,"2005-08-20 12:17:27","2006-02-15 22:12:31"
300,11,1,15120,0.99,"2005-08-22 12:42:47","2006-02-15 22:12:31"
301,11,2,15240,2.99,"2005-08-22 17:46:41","2006-02-15 22:12:31"
302,11,1,11646,0.99,"2006-02-14 15:16:03","2006-02-15 22:12:31"
303,12,1,988,4.99,"2005-05-30 23:08:03","2006-02-15 22:12:31"
304,12,1,1084,4.99,"2005-05-31 11:10:17","2006-02-15 22:12:31"
305,12,2,1752,5.99,"2005-06-16 17:02:55","2006-02-15 22:12:31"
306,12,2,2434,5.99,"2005-06-18 18:11:51","2006-02-15 22:12:31"
307,12,2,2500,5.99,"2005-06-18 23:07:12","2006-02-15 22:12:31"
308,12,2,2623,4.99,"2005-06-19 08:11:51","2006-02-15 22:12:31"
309,12,2,3135,2.99,"2005-06-20 19:33:52","2006-02-15 22:12:31"
310,12,1,3411,0.99,"2005-06-21 16:31:27","2006-02-15 22:12:31"
311,12,1,3870,3.99,"2005-07-06 17:57:54","2006-02-15 22:12:31"
312,12,1,5071,0.99,"2005-07-09 05:00:39","2006-02-15 22:12:31"
313,12,1,5074,0.99,"2005-07-09 05:06:24","2006-02-15 22:12:31"
314,12,2,5111,0.99,"2005-07-09 07:02:19","2006-02-15 22:12:31"
315,12,2,5242,3.99,"2005-07-09 13:20:25","2006-02-15 22:12:31"
316,12,1,6773,2.99,"2005-07-12 15:55:39","2006-02-15 22:12:31"
317,12,2,7008,0.99,"2005-07-27 01:44:03","2006-02-15 22:12:31"
318,12,2,7279,0.99,"2005-07-27 11:50:47","2006-02-15 22:12:31"
319,12,2,8985,0.99,"2005-07-30 04:34:51","2006-02-15 22:12:31"
320,12,2,9166,4.99,"2005-07-30 11:26:28","2006-02-15 22:12:31"
321,12,2,9238,5.99,"2005-07-30 13:49:43","2006-02-15 22:12:31"
322,12,1,9627,5.99,"2005-07-31 04:42:46","2006-02-15 22:12:31"
323,12,2,9708,5.99,"2005-07-31 07:45:33","2006-02-15 22:12:31"
324,12,2,10392,10.99,"2005-08-01 06:50:26","2006-02-15 22:12:31"
325,12,2,11497,0.99,"2005-08-16 22:52:30","2006-02-15 22:12:31"
326,12,1,12604,4.99,"2005-08-18 16:58:48","2006-02-15 22:12:31"
327,12,2,13519,0.99,"2005-08-20 02:37:07","2006-02-15 22:12:31"
328,12,2,13895,2.99,"2005-08-20 15:58:28","2006-02-15 22:12:31"
329,12,2,14240,4.99,"2005-08-21 05:19:39","2006-02-15 22:12:31"
330,12,1,15993,0.99,"2005-08-23 20:28:44","2006-02-15 22:12:31"
331,13,1,1933,2.99,"2005-06-17 06:54:42","2006-02-15 22:12:31"
332,13,1,2209,4.99,"2005-06-18 02:24:01","2006-02-15 22:12:31"
333,13,1,2952,2.99,"2005-06-20 06:26:57","2006-02-15 22:12:31"
334,13,1,3047,8.99,"2005-06-20 12:45:33","2006-02-15 22:12:31"
335,13,2,3946,2.99,"2005-07-06 21:39:24","2006-02-15 22:12:31"
336,13,1,6118,8.99,"2005-07-11 07:43:08","2006-02-15 22:12:31"
337,13,1,6568,2.99,"2005-07-12 05:45:47","2006-02-15 22:12:31"
338,13,1,6870,0.99,"2005-07-12 20:13:45","2006-02-15 22:12:31"
339,13,1,6897,2.99,"2005-07-12 21:30:41","2006-02-15 22:12:31"
340,13,1,7916,2.99,"2005-07-28 11:49:53","2006-02-15 22:12:31"
341,13,1,8277,2.99,"2005-07-29 01:38:53","2006-02-15 22:12:31"
342,13,2,8831,11.99,"2005-07-29 22:37:41","2006-02-15 22:12:31"
343,13,2,9260,9.99,"2005-07-30 14:38:22","2006-02-15 22:12:31"
344,13,2,9434,0.99,"2005-07-30 21:29:41","2006-02-15 22:12:32"
345,13,1,9664,0.99,"2005-07-31 06:12:08","2006-02-15 22:12:32"
346,13,1,9736,7.99,"2005-07-31 08:58:40","2006-02-15 22:12:32"
347,13,1,10003,4.99,"2005-07-31 17:48:51","2006-02-15 22:12:32"
348,13,1,11292,4.99,"2005-08-02 14:58:41","2006-02-15 22:12:32"
349,13,2,11315,0.99,"2005-08-02 16:05:17","2006-02-15 22:12:32"
350,13,2,11761,5.99,"2005-08-17 09:44:59","2006-02-15 22:12:32"
351,13,2,12918,7.99,"2005-08-19 04:31:36","2006-02-15 22:12:32"
352,13,2,13096,4.99,"2005-08-19 10:49:03","2006-02-15 22:12:32"
353,13,2,13213,0.99,"2005-08-19 15:25:48","2006-02-15 22:12:32"
354,13,1,13456,0.99,"2005-08-20 00:33:19","2006-02-15 22:12:32"
355,13,1,14252,9.99,"2005-08-21 05:44:07","2006-02-15 22:12:32"
356,13,2,14545,7.99,"2005-08-21 15:44:23","2006-02-15 22:12:32"
357,13,1,15338,4.99,"2005-08-22 20:51:24","2006-02-15 22:12:32"
358,14,1,151,0.99,"2005-05-26 00:37:28","2006-02-15 22:12:32"
359,14,1,346,9.99,"2005-05-27 04:34:41","2006-02-15 22:12:32"
360,14,1,525,5.99,"2005-05-28 04:25:33","2006-02-15 22:12:32"
361,14,1,671,2.99,"2005-05-28 22:04:30","2006-02-15 22:12:32"
362,14,2,815,0.99,"2005-05-29 20:24:28","2006-02-15 22:12:32"
363,14,2,1360,4.99,"2005-06-15 13:32:15","2006-02-15 22:12:32"
364,14,1,3707,2.99,"2005-07-06 10:21:49","2006-02-15 22:12:32"
365,14,1,4952,0.99,"2005-07-08 23:00:07","2006-02-15 22:12:32"
366,14,1,5104,0.99,"2005-07-09 06:37:07","2006-02-15 22:12:32"
367,14,2,5317,7.99,"2005-07-09 16:10:25","2006-02-15 22:12:32"
368,14,1,5383,4.99,"2005-07-09 19:14:32","2006-02-15 22:12:32"
369,14,1,5565,7.99,"2005-07-10 03:29:48","2006-02-15 22:12:32"
370,14,1,8035,6.99,"2005-07-28 16:23:01","2006-02-15 22:12:32"
371,14,1,8042,0.99,"2005-07-28 16:45:11","2006-02-15 22:12:32"
372,14,1,8548,3.99,"2005-07-29 11:11:33","2006-02-15 22:12:32"
373,14,2,8836,4.99,"2005-07-29 22:46:08","2006-02-15 22:12:32"
374,14,2,9438,4.99,"2005-07-30 21:36:15","2006-02-15 22:12:32"
375,14,1,9592,2.99,"2005-07-31 03:21:16","2006-02-15 22:12:32"
376,14,1,10348,2.99,"2005-08-01 05:23:00","2006-02-15 22:12:32"
377,14,2,10526,6.99,"2005-08-01 11:55:33","2006-02-15 22:12:32"
378,14,1,11480,4.99,"2005-08-02 22:18:24","2006-02-15 22:12:32"
379,14,2,11528,3.99,"2005-08-17 00:27:23","2006-02-15 22:12:32"
380,14,1,12668,2.99,"2005-08-18 19:16:47","2006-02-15 22:12:32"
381,14,1,13757,4.99,"2005-08-20 11:20:12","2006-02-15 22:12:32"
382,14,2,15015,6.99,"2005-08-22 08:43:50","2006-02-15 22:12:32"
383,14,1,15373,0.99,"2005-08-22 22:08:11","2006-02-15 22:12:32"
384,14,1,16045,0.99,"2005-08-23 22:25:26","2006-02-15 22:12:32"
385,14,1,13780,4.99,"2006-02-14 15:16:03","2006-02-15 22:12:32"
386,15,1,2486,2.99,"2005-06-18 21:26:56","2006-02-15 22:12:32"
387,15,1,2937,5.99,"2005-06-20 05:15:37","2006-02-15 22:12:32"
388,15,2,3182,0.99,"2005-06-20 22:52:18","2006-02-15 22:12:32"
389,15,1,3550,7.99,"2005-07-06 02:29:21","2006-02-15 22:12:32"
390,15,1,4127,5.99,"2005-07-07 07:26:19","2006-02-15 22:12:32"
391,15,1,5717,2.99,"2005-07-10 11:02:03","2006-02-15 22:12:32"
392,15,2,5975,2.99,"2005-07-11 00:14:19","2006-02-15 22:12:32"
393,15,1,7105,4.99,"2005-07-27 05:15:37","2006-02-15 22:12:32"
394,15,1,8193,0.99,"2005-07-28 22:50:50","2006-02-15 22:12:32"
395,15,2,8615,6.99,"2005-07-29 13:36:01","2006-02-15 22:12:32"
396,15,2,8927,4.99,"2005-07-30 02:13:31","2006-02-15 22:12:32"
397,15,1,9987,2.99,"2005-07-31 17:22:35","2006-02-15 22:12:32"
398,15,1,11118,2.99,"2005-08-02 08:44:18","2006-02-15 22:12:32"
399,15,1,11141,2.99,"2005-08-02 09:29:11","2006-02-15 22:12:32"
400,15,2,11307,2.99,"2005-08-02 15:48:08","2006-02-15 22:12:32"
401,15,2,11341,2.99,"2005-08-02 17:09:24","2006-02-15 22:12:32"
402,15,1,11922,7.99,"2005-08-17 16:20:37","2006-02-15 22:12:32"
403,15,2,12272,2.99,"2005-08-18 04:39:10","2006-02-15 22:12:32"
404,15,2,12551,2.99,"2005-08-18 14:46:26","2006-02-15 22:12:32"
405,15,1,12635,2.99,"2005-08-18 18:00:23","2006-02-15 22:12:32"
406,15,2,13339,8.99,"2005-08-19 20:18:36","2006-02-15 22:12:32"
407,15,1,13393,5.99,"2005-08-19 22:03:46","2006-02-15 22:12:32"
408,15,2,13503,5.99,"2005-08-20 02:00:33","2006-02-15 22:12:32"
409,15,1,13541,4.99,"2005-08-20 03:41:41","2006-02-15 22:12:32"
410,15,2,13677,3.99,"2005-08-20 08:34:41","2006-02-15 22:12:32"
411,15,2,14569,0.99,"2005-08-21 16:31:22","2006-02-15 22:12:32"
412,15,2,14776,4.99,"2005-08-21 23:53:35","2006-02-15 22:12:32"
413,15,2,14872,8.99,"2005-08-22 03:23:41","2006-02-15 22:12:32"
414,15,1,15178,0.99,"2005-08-22 15:36:04","2006-02-15 22:12:32"
415,15,1,15897,4.99,"2005-08-23 17:12:31","2006-02-15 22:12:32"
416,15,1,13798,3.98,"2006-02-14 15:16:03","2006-02-15 22:12:32"
417,15,2,13968,0.00,"2006-02-14 15:16:03","2006-02-15 22:12:32"
418,16,1,335,3.99,"2005-05-27 03:07:10","2006-02-15 22:12:32"
419,16,1,593,2.99,"2005-05-28 13:33:23","2006-02-15 22:12:32"
420,16,2,887,0.99,"2005-05-30 07:10:00","2006-02-15 22:12:32"
421,16,1,1017,2.99,"2005-05-31 02:53:36","2006-02-15 22:12:32"
422,16,2,1934,6.99,"2005-06-17 07:04:57","2006-02-15 22:12:32"
423,16,1,1944,7.99,"2005-06-17 07:50:53","2006-02-15 22:12:32"
424,16,1,NULL,1.99,"2005-06-18 04:56:12","2006-02-15 22:12:32"
425,16,1,2960,7.99,"2005-06-20 07:10:09","2006-02-15 22:12:32"
426,16,2,3348,0.99,"2005-06-21 11:16:42","2006-02-15 22:12:32"
427,16,1,3548,0.99,"2005-07-06 02:23:39","2006-02-15 22:12:32"
428,16,2,4219,2.99,"2005-07-07 12:11:22","2006-02-15 22:12:32"
429,16,2,4263,3.99,"2005-07-07 14:24:44","2006-02-15 22:12:32"
430,16,2,4517,4.99,"2005-07-08 02:45:19","2006-02-15 22:12:32"
431,16,1,6100,4.99,"2005-07-11 06:40:31","2006-02-15 22:12:32"
432,16,2,7489,0.99,"2005-07-27 19:39:38","2006-02-15 22:12:32"
433,16,2,7552,2.99,"2005-07-27 22:03:41","2006-02-15 22:12:32"
434,16,2,8452,5.99,"2005-07-29 07:45:00","2006-02-15 22:12:32"
435,16,2,9158,0.99,"2005-07-30 11:12:03","2006-02-15 22:12:32"
436,16,2,9610,5.99,"2005-07-31 03:54:05","2006-02-15 22:12:32"
437,16,2,10687,2.99,"2005-08-01 17:53:02","2006-02-15 22:12:32"
438,16,2,10727,2.99,"2005-08-01 19:15:08","2006-02-15 22:12:32"
439,16,2,11308,0.99,"2005-08-02 15:50:44","2006-02-15 22:12:32"
440,16,2,12104,2.99,"2005-08-17 22:53:00","2006-02-15 22:12:32"
441,16,1,12358,4.99,"2005-08-18 07:41:43","2006-02-15 22:12:32"
442,16,1,12577,7.99,"2005-08-18 15:39:46","2006-02-15 22:12:32"
443,16,2,13151,4.99,"2005-08-19 13:08:23","2006-02-15 22:12:32"
444,16,1,13391,4.99,"2005-08-19 22:01:42","2006-02-15 22:12:32"
445,16,1,13480,6.99,"2005-08-20 01:10:27","2006-02-15 22:12:32"
446,16,1,14511,8.99,"2005-08-21 14:45:34","2006-02-15 22:12:32"
447,17,2,287,2.99,"2005-05-26 19:44:54","2006-02-15 22:12:32"
448,17,1,580,2.99,"2005-05-28 11:19:53","2006-02-15 22:12:32"
449,17,2,884,4.99,"2005-05-30 06:41:32","2006-02-15 22:12:32"
450,17,2,2175,5.99,"2005-06-18 00:17:58","2006-02-15 22:12:32"
451,17,1,2684,8.99,"2005-06-19 12:29:08","2006-02-15 22:12:32"
452,17,2,3269,5.99,"2005-06-21 05:06:30","2006-02-15 22:12:32"
453,17,1,5714,3.99,"2005-07-10 10:46:57","2006-02-15 22:12:32"
454,17,1,5883,3.99,"2005-07-10 19:25:21","2006-02-15 22:12:32"
455,17,2,6884,1.99,"2005-07-12 20:52:41","2006-02-15 22:12:32"
456,17,2,8076,8.99,"2005-07-28 17:45:58","2006-02-15 22:12:32"
457,17,1,8213,2.99,"2005-07-28 23:37:33","2006-02-15 22:12:32"
458,17,2,9092,8.99,"2005-07-30 08:30:56","2006-02-15 22:12:32"
459,17,1,9138,2.99,"2005-07-30 10:11:52","2006-02-15 22:12:32"
460,17,2,9382,8.99,"2005-07-30 19:23:44","2006-02-15 22:12:32"
461,17,1,9489,0.99,"2005-07-30 23:43:32","2006-02-15 22:12:32"
462,17,2,11990,4.99,"2005-08-17 18:26:22","2006-02-15 22:12:32"
463,17,1,13732,2.99,"2005-08-20 10:24:41","2006-02-15 22:12:32"
464,17,1,14040,2.99,"2005-08-20 21:43:44","2006-02-15 22:12:32"
465,17,2,14326,2.99,"2005-08-21 08:15:41","2006-02-15 22:12:32"
466,17,1,14346,2.99,"2005-08-21 08:42:26","2006-02-15 22:12:32"
467,17,2,15752,5.99,"2005-08-23 12:41:38","2006-02-15 22:12:32"
468,18,1,50,2.99,"2005-05-25 06:44:53","2006-02-15 22:12:32"
469,18,1,116,4.99,"2005-05-25 19:27:51","2006-02-15 22:12:32"
470,18,1,692,4.99,"2005-05-29 01:32:10","2006-02-15 22:12:32"
471,18,2,1451,5.99,"2005-06-15 19:30:18","2006-02-15 22:12:32"
472,18,2,1783,4.99,"2005-06-16 19:23:23","2006-02-15 22:12:32"
473,18,2,2112,5.99,"2005-06-17 19:52:42","2006-02-15 22:12:32"
474,18,1,2990,8.99,"2005-06-20 09:02:51","2006-02-15 22:12:32"
475,18,2,4672,3.99,"2005-07-08 10:15:38","2006-02-15 22:12:32"
476,18,2,4724,3.99,"2005-07-08 12:46:30","2006-02-15 22:12:32"
477,18,2,4923,3.99,"2005-07-08 21:44:39","2006-02-15 22:12:32"
478,18,2,6128,2.99,"2005-07-11 08:15:08","2006-02-15 22:12:32"
479,18,1,6846,0.99,"2005-07-12 19:20:45","2006-02-15 22:12:32"
480,18,2,8122,2.99,"2005-07-28 19:27:37","2006-02-15 22:12:32"
481,18,1,8555,4.99,"2005-07-29 11:18:01","2006-02-15 22:12:32"
482,18,1,9036,4.99,"2005-07-30 06:18:38","2006-02-15 22:12:32"
483,18,2,9114,4.99,"2005-07-30 09:13:21","2006-02-15 22:12:32"
484,18,1,10682,4.99,"2005-08-01 17:32:53","2006-02-15 22:12:32"
485,18,2,10721,1.99,"2005-08-01 19:05:18","2006-02-15 22:12:32"
486,18,2,11094,4.99,"2005-08-02 08:03:02","2006-02-15 22:12:33"
487,18,2,11439,4.99,"2005-08-02 20:22:45","2006-02-15 22:12:33"
488,18,2,12333,0.99,"2005-08-18 06:51:39","2006-02-15 22:12:33"
489,18,2,13490,0.99,"2005-08-20 01:29:29","2006-02-15 22:12:33"
490,19,2,18,0.99,"2005-05-25 01:10:47","2006-02-15 22:12:33"
491,19,2,110,9.99,"2005-05-25 18:43:49","2006-02-15 22:12:33"
492,19,1,179,6.99,"2005-05-26 04:26:06","2006-02-15 22:12:33"
493,19,1,337,2.99,"2005-05-27 03:22:30","2006-02-15 22:12:33"
494,19,2,591,2.99,"2005-05-28 13:11:04","2006-02-15 22:12:33"
495,19,2,696,2.99,"2005-05-29 01:59:10","2006-02-15 22:12:33"
496,19,1,2657,2.99,"2005-06-19 10:42:59","2006-02-15 22:12:33"
497,19,1,2848,2.99,"2005-06-19 22:55:37","2006-02-15 22:12:33"
498,19,2,3423,2.99,"2005-06-21 17:38:02","2006-02-15 22:12:33"
499,19,2,3549,4.99,"2005-07-06 02:24:55","2006-02-15 22:12:33"
500,19,2,6495,4.99,"2005-07-12 02:57:02","2006-02-15 22:12:33"
501,19,1,9157,5.99,"2005-07-30 11:06:23","2006-02-15 22:12:33"
502,19,1,9256,0.99,"2005-07-30 14:29:29","2006-02-15 22:12:33"
503,19,2,10077,9.99,"2005-07-31 20:01:06","2006-02-15 22:12:33"
504,19,1,10176,7.99,"2005-07-31 23:40:35","2006-02-15 22:12:33"
505,19,2,11508,8.99,"2005-08-16 23:27:36","2006-02-15 22:12:33"
506,19,1,11869,5.99,"2005-08-17 14:10:22","2006-02-15 22:12:33"
507,19,1,12211,9.99,"2005-08-18 02:31:18","2006-02-15 22:12:33"
508,19,2,12357,2.99,"2005-08-18 07:40:52","2006-02-15 22:12:33"
509,19,1,13718,8.99,"2005-08-20 09:53:44","2006-02-15 22:12:33"
510,19,2,13804,8.99,"2005-08-20 12:46:32","2006-02-15 22:12:33"
511,19,1,14101,4.99,"2005-08-21 00:33:03","2006-02-15 22:12:33"
512,19,1,15047,2.99,"2005-08-22 09:57:16","2006-02-15 22:12:33"
513,19,2,15529,0.99,"2005-08-23 03:46:47","2006-02-15 22:12:33"
514,20,2,202,2.99,"2005-05-26 07:27:36","2006-02-15 22:12:33"
515,20,2,497,6.99,"2005-05-28 00:54:39","2006-02-15 22:12:33"
516,20,2,546,1.99,"2005-05-28 07:16:25","2006-02-15 22:12:33"
517,20,2,1558,0.99,"2005-06-16 02:33:53","2006-02-15 22:12:33"
518,20,2,2136,3.99,"2005-06-17 21:16:41","2006-02-15 22:12:33"
519,20,2,2343,4.99,"2005-06-18 11:46:26","2006-02-15 22:12:33"
520,20,1,3350,4.99,"2005-06-21 11:21:38","2006-02-15 22:12:33"
521,20,2,4011,3.99,"2005-07-07 00:48:25","2006-02-15 22:12:33"
522,20,1,4407,2.99,"2005-07-07 21:39:45","2006-02-15 22:12:33"
523,20,1,5718,2.99,"2005-07-10 11:03:20","2006-02-15 22:12:33"
524,20,1,6254,2.99,"2005-07-11 15:10:18","2006-02-15 22:12:33"
525,20,2,6267,6.99,"2005-07-11 15:53:00","2006-02-15 22:12:33"
526,20,2,7217,4.99,"2005-07-27 09:31:44","2006-02-15 22:12:33"
527,20,2,7864,5.99,"2005-07-28 10:06:10","2006-02-15 22:12:33"
528,20,2,8127,2.99,"2005-07-28 19:45:19","2006-02-15 22:12:33"
529,20,2,9075,4.99,"2005-07-30 07:55:14","2006-02-15 22:12:33"
530,20,2,9468,3.99,"2005-07-30 22:53:52","2006-02-15 22:12:33"
531,20,2,10284,4.99,"2005-08-01 03:33:19","2006-02-15 22:12:33"
532,20,1,10616,7.99,"2005-08-01 14:59:50","2006-02-15 22:12:33"
533,20,1,10954,1.99,"2005-08-02 03:30:24","2006-02-15 22:12:33"
534,20,1,11821,0.99,"2005-08-17 12:27:55","2006-02-15 22:12:33"
535,20,1,12180,0.99,"2005-08-18 01:28:15","2006-02-15 22:12:33"
536,20,2,13036,4.99,"2005-08-19 08:48:37","2006-02-15 22:12:33"
537,20,1,13137,4.99,"2005-08-19 12:26:32","2006-02-15 22:12:33"
538,20,2,13317,2.99,"2005-08-19 19:25:42","2006-02-15 22:12:33"
539,20,2,14613,2.99,"2005-08-21 18:03:20","2006-02-15 22:12:33"
540,20,2,15057,6.99,"2005-08-22 10:19:58","2006-02-15 22:12:33"
541,20,1,15161,1.99,"2005-08-22 14:37:22","2006-02-15 22:12:33"
542,20,2,15248,0.99,"2005-08-22 17:53:06","2006-02-15 22:12:33"
543,20,1,15460,2.99,"2005-08-23 01:10:42","2006-02-15 22:12:33"
544,21,1,260,3.99,"2005-05-26 15:42:20","2006-02-15 22:12:33"
545,21,2,463,3.99,"2005-05-27 20:11:47","2006-02-15 22:12:33"
546,21,1,570,0.99,"2005-05-28 10:15:04","2006-02-15 22:12:33"
547,21,2,2235,7.99,"2005-06-18 04:08:50","2006-02-15 22:12:33"
548,21,1,2268,4.99,"2005-06-18 06:13:41","2006-02-15 22:12:33"
549,21,1,2393,2.99,"2005-06-18 15:37:55","2006-02-15 22:12:33"
550,21,2,2830,4.99,"2005-06-19 21:14:33","2006-02-15 22:12:33"
551,21,1,3212,10.99,"2005-06-21 01:04:35","2006-02-15 22:12:33"
552,21,2,5107,4.99,"2005-07-09 06:42:32","2006-02-15 22:12:33"
553,21,1,5772,3.99,"2005-07-10 13:27:40","2006-02-15 22:12:33"
554,21,1,5961,2.99,"2005-07-10 23:43:23","2006-02-15 22:12:33"
555,21,2,6943,1.99,"2005-07-26 23:28:13","2006-02-15 22:12:33"
556,21,1,7994,0.99,"2005-07-28 14:56:54","2006-02-15 22:12:33"
557,21,2,8196,6.99,"2005-07-28 22:56:11","2006-02-15 22:12:33"
558,21,2,8862,2.99,"2005-07-29 23:49:23","2006-02-15 22:12:33"
559,21,2,9149,0.99,"2005-07-30 10:45:12","2006-02-15 22:12:33"
560,21,1,9699,5.99,"2005-07-31 07:29:25","2006-02-15 22:12:33"
561,21,2,10570,4.99,"2005-08-01 13:23:06","2006-02-15 22:12:33"
562,21,1,10734,0.99,"2005-08-01 19:28:47","2006-02-15 22:12:33"
563,21,2,11072,0.99,"2005-08-02 07:10:57","2006-02-15 22:12:33"
564,21,2,11970,0.99,"2005-08-17 17:53:09","2006-02-15 22:12:33"
565,21,2,12131,2.99,"2005-08-17 23:34:16","2006-02-15 22:12:33"
566,21,2,12660,4.99,"2005-08-18 19:07:23","2006-02-15 22:12:33"
567,21,1,12774,6.99,"2005-08-18 23:34:22","2006-02-15 22:12:33"
568,21,1,13381,2.99,"2005-08-19 21:37:57","2006-02-15 22:12:33"
569,21,2,13399,4.99,"2005-08-19 22:09:28","2006-02-15 22:12:33"
570,21,1,13411,4.99,"2005-08-19 22:43:38","2006-02-15 22:12:33"
571,21,1,13463,8.99,"2005-08-20 00:50:54","2006-02-15 22:12:33"
572,21,1,13699,9.99,"2005-08-20 09:26:14","2006-02-15 22:12:33"
573,21,1,13740,4.99,"2005-08-20 10:48:43","2006-02-15 22:12:33"
574,21,2,14077,8.99,"2005-08-20 23:24:07","2006-02-15 22:12:33"
575,21,2,14161,2.99,"2005-08-21 02:51:59","2006-02-15 22:12:33"
576,21,2,14446,2.99,"2005-08-21 12:10:41","2006-02-15 22:12:33"
577,21,1,14869,4.99,"2005-08-22 03:20:26","2006-02-15 22:12:33"
578,21,1,14933,2.99,"2006-02-14 15:16:03","2006-02-15 22:12:33"
579,22,1,370,4.99,"2005-05-27 07:49:43","2006-02-15 22:12:33"
580,22,1,556,4.99,"2005-05-28 08:31:36","2006-02-15 22:12:33"
581,22,2,820,8.99,"2005-05-29 21:07:22","2006-02-15 22:12:33"
582,22,1,3419,2.99,"2005-06-21 17:18:01","2006-02-15 22:12:33"
583,22,2,4215,2.99,"2005-07-07 12:00:52","2006-02-15 22:12:33"
584,22,1,5294,6.99,"2005-07-09 15:23:42","2006-02-15 22:12:33"
585,22,1,5815,2.99,"2005-07-10 15:48:19","2006-02-15 22:12:33"
586,22,1,7087,4.99,"2005-07-27 04:42:08","2006-02-15 22:12:33"
587,22,1,7705,7.99,"2005-07-28 04:02:58","2006-02-15 22:12:33"
588,22,2,9410,0.99,"2005-07-30 20:38:05","2006-02-15 22:12:33"
589,22,1,9580,4.99,"2005-07-31 03:01:11","2006-02-15 22:12:33"
590,22,1,12023,5.99,"2005-08-17 19:54:54","2006-02-15 22:12:33"
591,22,1,12124,2.99,"2005-08-17 23:22:46","2006-02-15 22:12:33"
592,22,2,12809,0.99,"2005-08-19 00:42:24","2006-02-15 22:12:33"
593,22,2,13060,9.99,"2005-08-19 09:43:25","2006-02-15 22:12:33"
594,22,1,14056,2.99,"2005-08-20 22:18:53","2006-02-15 22:12:33"
595,22,1,14564,6.99,"2005-08-21 16:24:43","2006-02-15 22:12:33"
596,22,1,15134,7.99,"2005-08-22 13:18:25","2006-02-15 22:12:33"
597,22,1,15589,6.99,"2005-08-23 06:03:31","2006-02-15 22:12:33"
598,22,1,15658,4.99,"2005-08-23 08:48:43","2006-02-15 22:12:33"
599,22,1,15793,4.99,"2005-08-23 14:06:19","2006-02-15 22:12:33"
600,22,1,12222,4.99,"2006-02-14 15:16:03","2006-02-15 22:12:33"
601,23,1,129,8.99,"2005-05-25 21:20:03","2006-02-15 22:12:33"
602,23,1,654,2.99,"2005-05-28 20:15:30","2006-02-15 22:12:33"
603,23,2,1090,0.99,"2005-05-31 12:03:44","2006-02-15 22:12:33"
604,23,1,2753,1.99,"2005-06-19 16:44:35","2006-02-15 22:12:33"
605,23,1,2827,0.99,"2005-06-19 20:50:01","2006-02-15 22:12:33"
606,23,1,3015,5.99,"2005-06-20 10:48:56","2006-02-15 22:12:33"
607,23,1,3055,4.99,"2005-06-20 13:19:58","2006-02-15 22:12:33"
608,23,1,3461,2.99,"2005-06-21 21:49:18","2006-02-15 22:12:34"
609,23,2,3736,3.99,"2005-07-06 11:43:44","2006-02-15 22:12:34"
610,23,2,3781,2.99,"2005-07-06 13:53:41","2006-02-15 22:12:34"
611,23,2,4853,2.99,"2005-07-08 18:43:18","2006-02-15 22:12:34"
612,23,1,6213,2.99,"2005-07-11 12:43:07","2006-02-15 22:12:34"
613,23,1,6238,2.99,"2005-07-11 14:20:18","2006-02-15 22:12:34"
614,23,2,6917,5.99,"2005-07-12 22:30:15","2006-02-15 22:12:34"
615,23,1,7155,7.99,"2005-07-27 07:18:46","2006-02-15 22:12:34"
616,23,1,8015,2.99,"2005-07-28 15:33:03","2006-02-15 22:12:34"
617,23,2,8718,0.99,"2005-07-29 17:41:14","2006-02-15 22:12:34"
618,23,2,9209,5.99,"2005-07-30 12:55:36","2006-02-15 22:12:34"
619,23,2,9255,9.99,"2005-07-30 14:26:46","2006-02-15 22:12:34"
620,23,2,9718,3.99,"2005-07-31 08:25:03","2006-02-15 22:12:34"
621,23,1,10132,6.99,"2005-07-31 21:50:24","2006-02-15 22:12:34"
622,23,1,10898,2.99,"2005-08-02 01:29:57","2006-02-15 22:12:34"
623,23,2,11501,2.99,"2005-08-16 23:04:53","2006-02-15 22:12:34"
624,23,2,13290,2.99,"2005-08-19 18:31:50","2006-02-15 22:12:34"
625,23,2,13331,4.99,"2005-08-19 20:00:25","2006-02-15 22:12:34"
626,23,2,13429,6.99,"2005-08-19 23:25:37","2006-02-15 22:12:34"
627,23,2,13511,0.99,"2005-08-20 02:21:40","2006-02-15 22:12:34"
628,23,2,13557,0.99,"2005-08-20 04:12:41","2006-02-15 22:12:34"
629,23,2,14482,2.99,"2005-08-21 13:42:45","2006-02-15 22:12:34"
630,23,2,15532,2.99,"2006-02-14 15:16:03","2006-02-15 22:12:34"
631,24,2,1007,6.99,"2005-05-31 01:02:28","2006-02-15 22:12:34"
632,24,2,1077,2.99,"2005-05-31 10:22:54","2006-02-15 22:12:34"
633,24,1,1716,2.99,"2005-06-16 14:39:31","2006-02-15 22:12:34"
634,24,1,2070,2.99,"2005-06-17 16:27:51","2006-02-15 22:12:34"
635,24,2,2116,4.99,"2005-06-17 20:16:12","2006-02-15 22:12:34"
636,24,1,2451,5.99,"2005-06-18 19:28:02","2006-02-15 22:12:34"
637,24,2,2963,7.99,"2005-06-20 07:33:09","2006-02-15 22:12:34"
638,24,2,3649,7.99,"2005-07-06 07:32:42","2006-02-15 22:12:34"
639,24,2,4378,2.99,"2005-07-07 20:29:08","2006-02-15 22:12:34"
640,24,1,5310,0.99,"2005-07-09 16:00:34","2006-02-15 22:12:34"
641,24,2,5648,0.99,"2005-07-10 07:09:21","2006-02-15 22:12:34"
642,24,1,6855,4.99,"2005-07-12 19:46:29","2006-02-15 22:12:34"
643,24,1,7266,1.99,"2005-07-27 11:22:17","2006-02-15 22:12:34"
644,24,1,8947,4.99,"2005-07-30 03:15:37","2006-02-15 22:12:34"
645,24,1,9723,0.99,"2005-07-31 08:31:18","2006-02-15 22:12:34"
646,24,2,9925,0.99,"2005-07-31 15:08:47","2006-02-15 22:12:34"
647,24,2,10491,2.99,"2005-08-01 10:38:27","2006-02-15 22:12:34"
648,24,1,11209,2.99,"2005-08-02 12:09:45","2006-02-15 22:12:34"
649,24,2,11546,2.99,"2005-08-17 00:57:36","2006-02-15 22:12:34"
650,24,2,12165,8.99,"2005-08-18 00:53:37","2006-02-15 22:12:34"
651,24,1,12745,2.99,"2005-08-18 22:22:45","2006-02-15 22:12:34"
652,24,1,12999,1.99,"2005-08-19 07:34:53","2006-02-15 22:12:34"
653,24,2,13058,4.99,"2005-08-19 09:40:53","2006-02-15 22:12:34"
654,24,1,13247,0.99,"2005-08-19 16:45:59","2006-02-15 22:12:34"
655,24,2,15357,4.99,"2005-08-22 21:28:59","2006-02-15 22:12:34"
656,25,1,90,7.99,"2005-05-25 14:31:25","2006-02-15 22:12:34"
657,25,2,1033,2.99,"2005-05-31 04:50:07","2006-02-15 22:12:34"
658,25,1,1338,4.99,"2005-06-15 12:17:34","2006-02-15 22:12:34"
659,25,1,1365,2.99,"2005-06-15 14:09:55","2006-02-15 22:12:34"
660,25,2,1754,6.99,"2005-06-16 17:13:23","2006-02-15 22:12:34"
661,25,2,2625,8.99,"2005-06-19 08:23:11","2006-02-15 22:12:34"
662,25,1,2901,4.99,"2005-06-20 02:41:28","2006-02-15 22:12:34"
663,25,1,3447,4.99,"2005-06-21 20:53:31","2006-02-15 22:12:34"
664,25,1,4282,2.99,"2005-07-07 15:26:31","2006-02-15 22:12:34"
665,25,1,4319,0.99,"2005-07-07 17:50:27","2006-02-15 22:12:34"
666,25,2,4404,2.99,"2005-07-07 21:31:53","2006-02-15 22:12:34"
667,25,1,5881,2.99,"2005-07-10 19:19:43","2006-02-15 22:12:34"
668,25,1,6653,4.99,"2005-07-12 11:06:17","2006-02-15 22:12:34"
669,25,2,6905,2.99,"2005-07-12 22:02:18","2006-02-15 22:12:34"
670,25,2,8667,2.99,"2005-07-29 15:40:57","2006-02-15 22:12:34"
671,25,2,8878,0.99,"2005-07-30 00:15:57","2006-02-15 22:12:34"
672,25,1,9140,8.99,"2005-07-30 10:12:01","2006-02-15 22:12:34"
673,25,2,9334,2.99,"2005-07-30 17:56:38","2006-02-15 22:12:34"
674,25,2,9922,2.99,"2005-07-31 14:59:37","2006-02-15 22:12:34"
675,25,2,10103,2.99,"2005-07-31 20:49:13","2006-02-15 22:12:34"
676,25,1,10324,5.99,"2005-08-01 04:49:06","2006-02-15 22:12:34"
677,25,2,10860,2.99,"2005-08-02 00:12:32","2006-02-15 22:12:34"
678,25,1,10916,2.99,"2005-08-02 02:05:59","2006-02-15 22:12:34"
679,25,1,11642,0.99,"2005-08-17 04:48:05","2006-02-15 22:12:34"
680,25,1,12922,0.99,"2005-08-19 04:48:48","2006-02-15 22:12:34"
681,25,1,14193,4.99,"2005-08-21 03:38:27","2006-02-15 22:12:34"
682,25,1,14236,4.99,"2005-08-21 05:13:16","2006-02-15 22:12:34"
683,25,1,15512,0.99,"2005-08-23 02:57:30","2006-02-15 22:12:34"
684,25,1,15972,5.99,"2005-08-23 20:00:30","2006-02-15 22:12:34"
685,26,1,796,2.99,"2005-05-29 16:59:44","2006-02-15 22:12:34"
686,26,2,1105,2.99,"2005-05-31 14:33:56","2006-02-15 22:12:34"
687,26,1,1440,5.99,"2005-06-15 18:53:14","2006-02-15 22:12:34"
688,26,2,1706,4.99,"2005-06-16 14:01:02","2006-02-15 22:12:34"
689,26,1,2093,9.99,"2005-06-17 18:14:08","2006-02-15 22:12:34"
690,26,2,2416,3.99,"2005-06-18 17:07:34","2006-02-15 22:12:34"
691,26,2,2421,6.99,"2005-06-18 17:25:05","2006-02-15 22:12:34"
692,26,1,2532,4.99,"2005-06-19 01:27:46","2006-02-15 22:12:34"
693,26,1,2745,4.99,"2005-06-19 16:21:19","2006-02-15 22:12:34"
694,26,1,4065,2.99,"2005-07-07 04:32:28","2006-02-15 22:12:34"
695,26,1,4274,4.99,"2005-07-07 14:42:04","2006-02-15 22:12:34"
696,26,1,4382,4.99,"2005-07-07 20:41:03","2006-02-15 22:12:34"
697,26,2,4402,0.99,"2005-07-07 21:28:46","2006-02-15 22:12:34"
698,26,1,4431,6.99,"2005-07-07 22:39:02","2006-02-15 22:12:34"
699,26,1,4536,3.99,"2005-07-08 03:43:22","2006-02-15 22:12:34"
700,26,1,4641,6.99,"2005-07-08 09:09:46","2006-02-15 22:12:34"
701,26,1,5437,2.99,"2005-07-09 21:32:29","2006-02-15 22:12:34"
702,26,1,6149,1.99,"2005-07-11 09:19:31","2006-02-15 22:12:34"
703,26,2,6243,2.99,"2005-07-11 14:53:25","2006-02-15 22:12:34"
704,26,2,7328,0.99,"2005-07-27 13:55:18","2006-02-15 22:12:34"
705,26,1,8241,4.99,"2005-07-29 00:33:36","2006-02-15 22:12:34"
706,26,1,9484,0.99,"2005-07-30 23:31:40","2006-02-15 22:12:34"
707,26,1,10386,3.99,"2005-08-01 06:42:20","2006-02-15 22:12:34"
708,26,1,10996,3.99,"2005-08-02 04:48:11","2006-02-15 22:12:34"
709,26,2,11314,2.99,"2005-08-02 16:04:08","2006-02-15 22:12:34"
710,26,1,11338,0.99,"2005-08-02 17:00:12","2006-02-15 22:12:34"
711,26,1,11744,5.99,"2005-08-17 08:54:30","2006-02-15 22:12:34"
712,26,2,13111,4.99,"2005-08-19 11:25:10","2006-02-15 22:12:34"
713,26,2,14183,4.99,"2005-08-21 03:24:29","2006-02-15 22:12:34"
714,26,2,14192,8.99,"2005-08-21 03:37:42","2006-02-15 22:12:34"
715,26,2,14603,1.99,"2005-08-21 17:51:06","2006-02-15 22:12:34"
716,26,1,14677,7.99,"2005-08-21 20:12:30","2006-02-15 22:12:34"
717,26,1,15384,2.99,"2005-08-22 22:34:44","2006-02-15 22:12:34"
718,26,1,15722,7.99,"2005-08-23 11:16:29","2006-02-15 22:12:34"
719,27,2,787,2.99,"2005-05-29 16:03:03","2006-02-15 22:12:34"
720,27,1,1310,4.99,"2005-06-15 10:11:42","2006-02-15 22:12:35"
721,27,2,1480,4.99,"2005-06-15 21:17:17","2006-02-15 22:12:35"
722,27,2,1699,2.99,"2005-06-16 13:05:09","2006-02-15 22:12:35"
723,27,2,1960,3.99,"2005-06-17 08:59:57","2006-02-15 22:12:35"
724,27,2,2512,2.99,"2005-06-18 23:48:47","2006-02-15 22:12:35"
725,27,1,2815,4.99,"2005-06-19 20:03:29","2006-02-15 22:12:35"
726,27,1,3038,1.99,"2005-06-20 12:28:59","2006-02-15 22:12:35"
727,27,2,3420,3.99,"2005-06-21 17:22:36","2006-02-15 22:12:35"
728,27,2,4038,0.99,"2005-07-07 02:52:53","2006-02-15 22:12:35"
729,27,1,4510,5.99,"2005-07-08 02:34:51","2006-02-15 22:12:35"
730,27,1,5552,0.99,"2005-07-10 03:01:19","2006-02-15 22:12:35"
731,27,1,5736,4.99,"2005-07-10 11:45:48","2006-02-15 22:12:35"
732,27,2,6115,0.99,"2005-07-11 07:36:50","2006-02-15 22:12:35"
733,27,2,6562,5.99,"2005-07-12 05:26:26","2006-02-15 22:12:35"
734,27,2,6658,4.99,"2005-07-12 11:13:21","2006-02-15 22:12:35"
735,27,1,7927,1.99,"2005-07-28 12:13:42","2006-02-15 22:12:35"
736,27,2,9244,0.99,"2005-07-30 14:06:53","2006-02-15 22:12:35"
737,27,2,9636,5.99,"2005-07-31 05:12:59","2006-02-15 22:12:35"
738,27,1,9673,7.99,"2005-07-31 06:34:55","2006-02-15 22:12:35"
739,27,1,9908,4.99,"2005-07-31 14:39:52","2006-02-15 22:12:35"
740,27,1,10794,7.99,"2005-08-01 21:51:15","2006-02-15 22:12:35"
741,27,1,10852,4.99,"2005-08-02 00:00:33","2006-02-15 22:12:35"
742,27,1,11234,0.99,"2005-08-02 13:12:17","2006-02-15 22:12:35"
743,27,1,11661,8.99,"2005-08-17 05:25:57","2006-02-15 22:12:35"
744,27,2,11740,6.99,"2005-08-17 08:48:31","2006-02-15 22:12:35"
745,27,2,12021,5.99,"2005-08-17 19:52:43","2006-02-15 22:12:35"
746,27,2,12461,0.99,"2005-08-18 11:28:14","2006-02-15 22:12:35"
747,27,1,12531,2.99,"2005-08-18 13:57:50","2006-02-15 22:12:35"
748,27,2,13816,4.99,"2005-08-20 13:13:56","2006-02-15 22:12:35"
749,27,1,15048,0.99,"2005-08-22 10:00:04","2006-02-15 22:12:35"
750,28,2,388,2.99,"2005-05-27 10:37:27","2006-02-15 22:12:35"
751,28,1,868,2.99,"2005-05-30 04:19:55","2006-02-15 22:12:35"
752,28,2,1240,2.99,"2005-06-15 04:58:07","2006-02-15 22:12:35"
753,28,1,1543,4.99,"2005-06-16 01:24:08","2006-02-15 22:12:35"
754,28,2,2299,3.99,"2005-06-18 08:18:52","2006-02-15 22:12:35"
755,28,2,2604,0.99,"2005-06-19 06:30:10","2006-02-15 22:12:35"
756,28,1,3231,0.99,"2005-06-21 02:25:00","2006-02-15 22:12:35"
757,28,1,3845,0.99,"2005-07-06 16:38:14","2006-02-15 22:12:35"
758,28,2,4704,0.99,"2005-07-08 11:45:35","2006-02-15 22:12:35"
759,28,2,4951,4.99,"2005-07-08 22:58:21","2006-02-15 22:12:35"
760,28,2,5653,2.99,"2005-07-10 07:21:27","2006-02-15 22:12:35"
761,28,1,5817,5.99,"2005-07-10 15:49:12","2006-02-15 22:12:35"
762,28,2,6032,0.99,"2005-07-11 02:49:01","2006-02-15 22:12:35"
763,28,2,6476,0.99,"2005-07-12 01:37:48","2006-02-15 22:12:35"
764,28,1,7580,9.99,"2005-07-27 23:07:40","2006-02-15 22:12:35"
765,28,1,8464,4.99,"2005-07-29 08:18:20","2006-02-15 22:12:35"
766,28,1,8901,2.99,"2005-07-30 01:07:12","2006-02-15 22:12:35"
767,28,2,9544,2.99,"2005-07-31 01:44:51","2006-02-15 22:12:35"
768,28,2,9593,4.99,"2005-07-31 03:22:30","2006-02-15 22:12:35"
769,28,2,9705,4.99,"2005-07-31 07:40:33","2006-02-15 22:12:35"
770,28,2,10116,2.99,"2005-07-31 21:14:02","2006-02-15 22:12:35"
771,28,2,10294,6.99,"2005-08-01 03:48:12","2006-02-15 22:12:35"
772,28,1,11444,2.99,"2005-08-02 20:32:55","2006-02-15 22:12:35"
773,28,1,11856,3.99,"2005-08-17 13:44:49","2006-02-15 22:12:35"
774,28,2,12190,2.99,"2005-08-18 01:54:44","2006-02-15 22:12:35"
775,28,1,12359,0.99,"2005-08-18 07:44:05","2006-02-15 22:12:35"
776,28,1,12708,2.99,"2005-08-18 20:59:17","2006-02-15 22:12:35"
777,28,2,13783,4.99,"2005-08-20 12:11:03","2006-02-15 22:12:35"
778,28,2,14540,2.99,"2005-08-21 15:34:23","2006-02-15 22:12:35"
779,28,1,15445,4.99,"2005-08-23 00:48:29","2006-02-15 22:12:35"
780,28,1,15491,2.99,"2005-08-23 02:08:40","2006-02-15 22:12:35"
781,28,2,12938,2.99,"2006-02-14 15:16:03","2006-02-15 22:12:35"
782,29,2,194,1.99,"2005-05-26 06:52:33","2006-02-15 22:12:35"
783,29,1,2655,0.99,"2005-06-19 10:38:42","2006-02-15 22:12:35"
784,29,1,2673,0.99,"2005-06-19 11:42:20","2006-02-15 22:12:35"
785,29,1,2701,7.99,"2005-06-19 13:33:06","2006-02-15 22:12:35"
786,29,1,2735,2.99,"2005-06-19 15:42:07","2006-02-15 22:12:35"
787,29,2,2801,2.99,"2005-06-19 19:18:09","2006-02-15 22:12:35"
788,29,2,2923,2.99,"2005-06-20 04:16:07","2006-02-15 22:12:35"
789,29,1,3324,2.99,"2005-06-21 08:49:16","2006-02-15 22:12:35"
790,29,2,4262,6.99,"2005-07-07 14:24:30","2006-02-15 22:12:35"
791,29,1,4313,0.99,"2005-07-07 17:36:56","2006-02-15 22:12:35"
792,29,2,4535,0.99,"2005-07-08 03:40:46","2006-02-15 22:12:35"
793,29,2,5442,10.99,"2005-07-09 21:55:19","2006-02-15 22:12:35"
794,29,1,5857,1.99,"2005-07-10 17:59:29","2006-02-15 22:12:35"
795,29,2,7237,3.99,"2005-07-27 10:12:36","2006-02-15 22:12:35"
796,29,1,7451,6.99,"2005-07-27 18:18:41","2006-02-15 22:12:35"
797,29,1,7453,0.99,"2005-07-27 18:27:13","2006-02-15 22:12:35"
798,29,2,8673,2.99,"2005-07-29 15:50:14","2006-02-15 22:12:35"
799,29,2,9392,4.99,"2005-07-30 19:50:13","2006-02-15 22:12:35"
800,29,1,9946,4.99,"2005-07-31 15:48:54","2006-02-15 22:12:35"
801,29,1,10543,5.99,"2005-08-01 12:36:09","2006-02-15 22:12:35"
802,29,2,10899,1.99,"2005-08-02 01:30:21","2006-02-15 22:12:35"
803,29,1,11079,4.99,"2005-08-02 07:29:10","2006-02-15 22:12:35"
804,29,2,11962,2.99,"2005-08-17 17:34:38","2006-02-15 22:12:35"
805,29,1,12488,4.99,"2005-08-18 12:48:22","2006-02-15 22:12:35"
806,29,1,12508,2.99,"2005-08-18 13:20:13","2006-02-15 22:12:35"
807,29,2,12569,6.99,"2005-08-18 15:20:46","2006-02-15 22:12:35"
808,29,2,12615,6.99,"2005-08-18 17:16:07","2006-02-15 22:12:35"
809,29,2,13173,2.99,"2005-08-19 13:50:36","2006-02-15 22:12:35"
810,29,1,13436,0.99,"2005-08-19 23:36:25","2006-02-15 22:12:35"
811,29,2,13777,2.99,"2005-08-20 12:03:35","2006-02-15 22:12:35"
812,29,1,13832,3.99,"2005-08-20 14:00:25","2006-02-15 22:12:35"
813,29,1,14174,0.99,"2005-08-21 03:01:45","2006-02-15 22:12:35"
814,29,1,14703,4.99,"2005-08-21 21:01:19","2006-02-15 22:12:35"
815,29,1,14985,7.99,"2005-08-22 07:35:56","2006-02-15 22:12:35"
816,29,1,14997,5.99,"2005-08-22 07:53:00","2006-02-15 22:12:35"
817,29,2,15577,0.99,"2006-02-14 15:16:03","2006-02-15 22:12:35"
818,30,2,1874,1.99,"2005-06-17 02:39:20","2006-02-15 22:12:35"
819,30,2,1895,2.99,"2005-06-17 04:25:12","2006-02-15 22:12:35"
820,30,2,2154,4.99,"2005-06-17 22:59:42","2006-02-15 22:12:35"
821,30,2,2730,2.99,"2005-06-19 15:10:09","2006-02-15 22:12:35"
822,30,1,3964,4.99,"2005-07-06 22:23:02","2006-02-15 22:12:35"
823,30,2,4471,2.99,"2005-07-08 00:21:29","2006-02-15 22:12:35"
824,30,2,4642,2.99,"2005-07-08 09:13:28","2006-02-15 22:12:35"
825,30,2,5028,5.99,"2005-07-09 02:34:45","2006-02-15 22:12:36"
826,30,1,5108,9.99,"2005-07-09 06:44:30","2006-02-15 22:12:36"
827,30,1,5289,0.99,"2005-07-09 15:14:08","2006-02-15 22:12:36"
828,30,2,5972,7.99,"2005-07-11 00:08:54","2006-02-15 22:12:36"
829,30,1,6249,0.99,"2005-07-11 15:02:02","2006-02-15 22:12:36"
830,30,2,6359,2.99,"2005-07-11 21:06:17","2006-02-15 22:12:36"
831,30,2,7394,2.99,"2005-07-27 16:03:08","2006-02-15 22:12:36"
832,30,2,7769,4.99,"2005-07-28 06:45:23","2006-02-15 22:12:36"
833,30,1,8030,4.99,"2005-07-28 16:12:53","2006-02-15 22:12:36"
834,30,2,8038,4.99,"2005-07-28 16:32:55","2006-02-15 22:12:36"
835,30,1,8083,4.99,"2005-07-28 18:09:48","2006-02-15 22:12:36"
836,30,1,8641,2.99,"2005-07-29 14:37:30","2006-02-15 22:12:36"
837,30,2,9309,2.99,"2005-07-30 16:55:53","2006-02-15 22:12:36"
838,30,2,9551,0.99,"2005-07-31 02:04:58","2006-02-15 22:12:36"
839,30,1,9641,0.99,"2005-07-31 05:33:48","2006-02-15 22:12:36"
840,30,1,9998,2.99,"2005-07-31 17:40:35","2006-02-15 22:12:36"
841,30,1,10235,6.99,"2005-08-01 01:57:48","2006-02-15 22:12:36"
842,30,1,12240,2.99,"2005-08-18 03:27:11","2006-02-15 22:12:36"
843,30,1,12546,2.99,"2005-08-18 14:29:37","2006-02-15 22:12:36"
844,30,2,12758,0.99,"2005-08-18 22:58:34","2006-02-15 22:12:36"
845,30,1,13435,0.99,"2005-08-19 23:35:44","2006-02-15 22:12:36"
846,30,1,13682,4.99,"2005-08-20 08:50:39","2006-02-15 22:12:36"
847,30,1,14339,0.99,"2005-08-21 08:37:15","2006-02-15 22:12:36"
848,30,1,14585,2.99,"2005-08-21 17:18:33","2006-02-15 22:12:36"
849,30,1,15063,4.99,"2005-08-22 10:39:51","2006-02-15 22:12:36"
850,30,1,15544,4.99,"2005-08-23 04:17:56","2006-02-15 22:12:36"
851,30,2,15829,2.99,"2005-08-23 15:17:14","2006-02-15 22:12:36"
852,31,2,1656,4.99,"2005-06-16 10:05:40","2006-02-15 22:12:36"
853,31,1,1838,1.99,"2005-06-16 23:20:16","2006-02-15 22:12:36"
854,31,1,2233,0.99,"2005-06-18 03:57:36","2006-02-15 22:12:36"
855,31,2,2341,6.99,"2005-06-18 11:35:30","2006-02-15 22:12:36"
856,31,1,2396,7.99,"2005-06-18 15:49:48","2006-02-15 22:12:36"
857,31,2,2438,0.99,"2005-06-18 18:34:21","2006-02-15 22:12:36"
858,31,1,2530,0.99,"2005-06-19 01:20:00","2006-02-15 22:12:36"
859,31,2,2648,4.99,"2005-06-19 10:06:20","2006-02-15 22:12:36"
860,31,2,3117,2.99,"2005-06-20 18:05:15","2006-02-15 22:12:36"
861,31,2,3172,1.99,"2005-06-20 22:19:25","2006-02-15 22:12:36"
862,31,1,3205,0.99,"2005-06-21 00:38:47","2006-02-15 22:12:36"
863,31,1,3701,4.99,"2005-07-06 10:12:45","2006-02-15 22:12:36"
864,31,2,3967,4.99,"2005-07-06 22:45:10","2006-02-15 22:12:36"
865,31,1,4122,6.99,"2005-07-07 07:15:35","2006-02-15 22:12:36"
866,31,2,4738,9.99,"2005-07-08 13:24:58","2006-02-15 22:12:36"
867,31,1,6208,3.99,"2005-07-11 12:34:56","2006-02-15 22:12:36"
868,31,2,6580,4.99,"2005-07-12 06:26:10","2006-02-15 22:12:36"
869,31,1,7000,1.99,"2005-07-27 01:23:24","2006-02-15 22:12:36"
870,31,2,7138,3.99,"2005-07-27 06:47:13","2006-02-15 22:12:36"
871,31,2,7178,2.99,"2005-07-27 08:09:25","2006-02-15 22:12:36"
872,31,2,7464,2.99,"2005-07-27 18:49:42","2006-02-15 22:12:36"
873,31,2,8997,0.99,"2005-07-30 04:53:56","2006-02-15 22:12:36"
874,31,2,12085,4.99,"2005-08-17 22:17:09","2006-02-15 22:12:36"
875,31,1,12377,0.99,"2005-08-18 08:26:05","2006-02-15 22:12:36"
876,31,2,15682,6.99,"2005-08-23 09:37:34","2006-02-15 22:12:36"
877,31,2,15816,6.99,"2005-08-23 14:58:06","2006-02-15 22:12:36"
878,32,2,483,4.99,"2005-05-27 23:00:25","2006-02-15 22:12:36"
879,32,2,803,4.99,"2005-05-29 17:52:30","2006-02-15 22:12:36"
880,32,2,1067,4.99,"2005-05-31 09:12:13","2006-02-15 22:12:36"
881,32,2,1887,6.99,"2005-06-17 03:53:18","2006-02-15 22:12:36"
882,32,2,2160,0.99,"2005-06-17 23:39:11","2006-02-15 22:12:36"
883,32,2,2624,5.99,"2005-06-19 08:22:09","2006-02-15 22:12:36"
884,32,2,2891,1.99,"2005-06-20 02:02:05","2006-02-15 22:12:36"
885,32,1,3500,2.99,"2005-07-06 00:11:13","2006-02-15 22:12:36"
886,32,1,4434,2.99,"2005-07-07 22:48:34","2006-02-15 22:12:36"
887,32,2,4771,2.99,"2005-07-08 15:33:32","2006-02-15 22:12:36"
888,32,2,4899,0.99,"2005-07-08 20:37:11","2006-02-15 22:12:36"
889,32,1,5307,9.99,"2005-07-09 15:57:15","2006-02-15 22:12:36"
890,32,1,5767,0.99,"2005-07-10 13:13:18","2006-02-15 22:12:36"
891,32,1,5954,2.99,"2005-07-10 23:22:01","2006-02-15 22:12:36"
892,32,1,6122,3.99,"2005-07-11 07:58:07","2006-02-15 22:12:36"
893,32,2,6450,2.99,"2005-07-12 00:49:05","2006-02-15 22:12:36"
894,32,1,7084,6.99,"2005-07-27 04:34:07","2006-02-15 22:12:36"
895,32,1,7589,5.99,"2005-07-27 23:23:36","2006-02-15 22:12:36"
896,32,1,7793,2.99,"2005-07-28 07:26:14","2006-02-15 22:12:36"
897,32,2,8390,5.99,"2005-07-29 05:52:26","2006-02-15 22:12:36"
898,32,2,8453,2.99,"2005-07-29 07:46:29","2006-02-15 22:12:36"
899,32,2,8914,2.99,"2005-07-30 01:42:03","2006-02-15 22:12:36"
900,32,1,11135,4.99,"2005-08-02 09:22:25","2006-02-15 22:12:36"
901,32,2,11831,4.99,"2005-08-17 12:54:47","2006-02-15 22:12:36"
902,32,2,12414,9.99,"2005-08-18 09:50:40","2006-02-15 22:12:36"
903,32,1,13736,8.99,"2005-08-20 10:31:23","2006-02-15 22:12:36"
904,32,1,13931,1.99,"2005-08-20 17:16:10","2006-02-15 22:12:36"
905,32,1,14075,0.99,"2005-08-20 23:18:54","2006-02-15 22:12:36"
906,32,2,14570,5.99,"2005-08-21 16:32:32","2006-02-15 22:12:36"
907,33,1,165,2.99,"2005-05-26 02:28:36","2006-02-15 22:12:36"
908,33,1,1301,10.99,"2005-06-15 09:46:33","2006-02-15 22:12:36"
909,33,2,3173,8.99,"2005-06-20 22:21:10","2006-02-15 22:12:36"
910,33,1,4095,5.99,"2005-07-07 06:01:48","2006-02-15 22:12:36"
911,33,1,5421,0.99,"2005-07-09 20:49:12","2006-02-15 22:12:36"
912,33,1,5723,4.99,"2005-07-10 11:14:48","2006-02-15 22:12:36"
913,33,2,6280,0.99,"2005-07-11 16:36:17","2006-02-15 22:12:36"
914,33,1,7992,4.99,"2005-07-28 14:53:06","2006-02-15 22:12:36"
915,33,1,9040,4.99,"2005-07-30 06:31:45","2006-02-15 22:12:36"
916,33,2,9085,4.99,"2005-07-30 08:17:24","2006-02-15 22:12:36"
917,33,1,9254,1.99,"2005-07-30 14:26:11","2006-02-15 22:12:36"
918,33,2,10335,2.99,"2005-08-01 04:59:30","2006-02-15 22:12:36"
919,33,1,10870,4.99,"2005-08-02 00:27:12","2006-02-15 22:12:36"
920,33,1,13241,7.99,"2005-08-19 16:25:00","2006-02-15 22:12:36"
921,33,1,13858,2.99,"2005-08-20 14:50:57","2006-02-15 22:12:36"
922,33,1,13958,7.99,"2005-08-20 18:11:44","2006-02-15 22:12:36"
923,33,1,14002,0.99,"2005-08-20 20:12:19","2006-02-15 22:12:36"
924,33,1,14623,0.99,"2005-08-21 18:29:13","2006-02-15 22:12:36"
925,33,1,15096,5.99,"2005-08-22 11:43:04","2006-02-15 22:12:36"
926,33,2,15115,2.99,"2005-08-22 12:28:01","2006-02-15 22:12:36"
927,33,1,12277,0.99,"2006-02-14 15:16:03","2006-02-15 22:12:36"
928,34,1,1900,4.99,"2005-06-17 04:29:58","2006-02-15 22:12:36"
929,34,2,2257,5.99,"2005-06-18 05:29:52","2006-02-15 22:12:36"
930,34,1,3150,0.99,"2005-06-20 20:35:28","2006-02-15 22:12:36"
931,34,2,3508,3.99,"2005-07-06 00:24:25","2006-02-15 22:12:36"
932,34,1,3911,2.99,"2005-07-06 20:09:11","2006-02-15 22:12:36"
933,34,1,5188,4.99,"2005-07-09 10:22:31","2006-02-15 22:12:36"
934,34,2,5643,4.99,"2005-07-10 06:49:00","2006-02-15 22:12:36"
935,34,2,5918,5.99,"2005-07-10 21:32:06","2006-02-15 22:12:36"
936,34,2,7015,2.99,"2005-07-27 02:15:01","2006-02-15 22:12:36"
937,34,2,7124,2.99,"2005-07-27 06:09:30","2006-02-15 22:12:36"
938,34,1,7532,0.99,"2005-07-27 21:20:52","2006-02-15 22:12:36"
939,34,1,9160,3.99,"2005-07-30 11:17:33","2006-02-15 22:12:37"
940,34,1,10523,0.99,"2005-08-01 11:52:32","2006-02-15 22:12:37"
941,34,1,10615,4.99,"2005-08-01 14:58:14","2006-02-15 22:12:37"
942,34,2,11096,0.99,"2005-08-02 08:05:19","2006-02-15 22:12:37"
943,34,1,11505,2.99,"2005-08-16 23:18:47","2006-02-15 22:12:37"
944,34,2,11701,4.99,"2005-08-17 07:15:47","2006-02-15 22:12:37"
945,34,2,12286,2.99,"2005-08-18 04:57:59","2006-02-15 22:12:37"
946,34,1,12599,2.99,"2005-08-18 16:42:45","2006-02-15 22:12:37"
947,34,1,12651,0.99,"2005-08-18 18:36:16","2006-02-15 22:12:37"
948,34,1,13371,4.99,"2005-08-19 21:21:47","2006-02-15 22:12:37"
949,34,2,13949,2.99,"2005-08-20 17:55:13","2006-02-15 22:12:37"
950,34,1,14686,5.99,"2005-08-21 20:32:08","2006-02-15 22:12:37"
951,34,2,14701,7.99,"2005-08-21 20:54:32","2006-02-15 22:12:37"
952,35,2,47,3.99,"2005-05-25 06:05:20","2006-02-15 22:12:37"
953,35,1,424,6.99,"2005-05-27 15:34:01","2006-02-15 22:12:37"
954,35,1,1579,0.99,"2005-06-16 04:09:08","2006-02-15 22:12:37"
955,35,1,1989,2.99,"2005-06-17 10:47:24","2006-02-15 22:12:37"
956,35,1,2229,4.99,"2005-06-18 03:50:18","2006-02-15 22:12:37"
957,35,1,2231,0.99,"2005-06-18 03:52:14","2006-02-15 22:12:37"
958,35,1,2743,2.99,"2005-06-19 16:15:56","2006-02-15 22:12:37"
959,35,2,3112,4.99,"2005-06-20 17:53:30","2006-02-15 22:12:37"
960,35,2,3597,2.99,"2005-07-06 05:03:59","2006-02-15 22:12:37"
961,35,2,4098,4.99,"2005-07-07 06:14:51","2006-02-15 22:12:37"
962,35,2,4990,0.99,"2005-07-09 00:48:49","2006-02-15 22:12:37"
963,35,1,5013,2.99,"2005-07-09 01:46:45","2006-02-15 22:12:37"
964,35,2,5323,0.99,"2005-07-09 16:34:07","2006-02-15 22:12:37"
965,35,1,5916,5.99,"2005-07-10 21:26:31","2006-02-15 22:12:37"
966,35,1,5963,0.99,"2005-07-10 23:47:08","2006-02-15 22:12:37"
967,35,1,6147,5.99,"2005-07-11 09:13:08","2006-02-15 22:12:37"
968,35,1,6401,4.99,"2005-07-11 22:44:34","2006-02-15 22:12:37"
969,35,1,6565,4.99,"2005-07-12 05:39:50","2006-02-15 22:12:37"
970,35,1,6572,4.99,"2005-07-12 05:56:38","2006-02-15 22:12:37"
971,35,1,7140,4.99,"2005-07-27 06:54:12","2006-02-15 22:12:37"
972,35,1,8822,6.99,"2005-07-29 22:20:21","2006-02-15 22:12:37"
973,35,1,8971,5.99,"2005-07-30 04:03:58","2006-02-15 22:12:37"
974,35,2,9033,2.99,"2005-07-30 06:07:42","2006-02-15 22:12:37"
975,35,1,9579,6.99,"2005-07-31 02:59:20","2006-02-15 22:12:37"
976,35,1,11298,1.99,"2005-08-02 15:32:32","2006-02-15 22:12:37"
977,35,1,11452,7.99,"2005-08-02 20:59:52","2006-02-15 22:12:37"
978,35,1,11645,4.99,"2005-08-17 04:50:56","2006-02-15 22:12:37"
979,35,1,12055,4.99,"2005-08-17 21:02:19","2006-02-15 22:12:37"
980,35,1,13735,2.99,"2005-08-20 10:31:01","2006-02-15 22:12:37"
981,35,1,14110,0.99,"2005-08-21 00:53:09","2006-02-15 22:12:37"
982,35,2,14124,2.99,"2005-08-21 01:31:51","2006-02-15 22:12:37"
983,35,2,14735,4.99,"2005-08-21 22:25:09","2006-02-15 22:12:37"
984,36,1,349,0.99,"2005-05-27 04:53:11","2006-02-15 22:12:37"
985,36,1,716,0.99,"2005-05-29 04:35:29","2006-02-15 22:12:37"
986,36,2,2741,0.99,"2005-06-19 16:05:41","2006-02-15 22:12:37"
987,36,2,4135,0.99,"2005-07-07 08:15:03","2006-02-15 22:12:37"
988,36,2,4560,4.99,"2005-07-08 04:58:48","2006-02-15 22:12:37"
989,36,2,4762,4.99,"2005-07-08 14:54:42","2006-02-15 22:12:37"
990,36,1,5403,0.99,"2005-07-09 20:07:09","2006-02-15 22:12:37"
991,36,2,6030,0.99,"2005-07-11 02:37:51","2006-02-15 22:12:37"
992,36,1,7205,6.99,"2005-07-27 09:06:13","2006-02-15 22:12:37"
993,36,1,7647,0.99,"2005-07-28 01:35:17","2006-02-15 22:12:37"
994,36,2,7919,6.99,"2005-07-28 11:59:45","2006-02-15 22:12:37"
995,36,2,8099,0.99,"2005-07-28 18:35:12","2006-02-15 22:12:37"
996,36,1,8391,2.99,"2005-07-29 05:52:50","2006-02-15 22:12:37"
997,36,1,8952,4.99,"2005-07-30 03:20:38","2006-02-15 22:12:37"
998,36,1,9369,2.99,"2005-07-30 18:52:19","2006-02-15 22:12:37"
999,36,2,9805,0.99,"2005-07-31 11:11:10","2006-02-15 22:12:37"
1000,36,2,10525,2.99,"2005-08-01 11:53:17","2006-02-15 22:12:37"
